-- MySQL dump 10.13  Distrib 8.0.27, for Linux (x86_64)
--
-- Host: localhost    Database: elections
-- ------------------------------------------------------
-- Server version	8.0.27-0ubuntu0.21.04.1

/*!40101 SET @OLD_CHARACTER_SET_CLIENT=@@CHARACTER_SET_CLIENT */;
/*!40101 SET @OLD_CHARACTER_SET_RESULTS=@@CHARACTER_SET_RESULTS */;
/*!40101 SET @OLD_COLLATION_CONNECTION=@@COLLATION_CONNECTION */;
/*!50503 SET NAMES utf8 */;
/*!40103 SET @OLD_TIME_ZONE=@@TIME_ZONE */;
/*!40103 SET TIME_ZONE='+00:00' */;
/*!40014 SET @OLD_UNIQUE_CHECKS=@@UNIQUE_CHECKS, UNIQUE_CHECKS=0 */;
/*!40014 SET @OLD_FOREIGN_KEY_CHECKS=@@FOREIGN_KEY_CHECKS, FOREIGN_KEY_CHECKS=0 */;
/*!40101 SET @OLD_SQL_MODE=@@SQL_MODE, SQL_MODE='NO_AUTO_VALUE_ON_ZERO' */;
/*!40111 SET @OLD_SQL_NOTES=@@SQL_NOTES, SQL_NOTES=0 */;

--
-- Table structure for table `Addresses`
--

DROP TABLE IF EXISTS `Addresses`;
/*!40101 SET @saved_cs_client     = @@character_set_client */;
/*!50503 SET character_set_client = utf8mb4 */;
CREATE TABLE `Addresses` (
  `id` int NOT NULL AUTO_INCREMENT,
  `streetId` int DEFAULT NULL,
  `building` int NOT NULL,
  PRIMARY KEY (`id`),
  KEY `streetId` (`streetId`),
  CONSTRAINT `Addresses_ibfk_1` FOREIGN KEY (`streetId`) REFERENCES `Streets` (`id`)
) ENGINE=InnoDB AUTO_INCREMENT=195 DEFAULT CHARSET=utf8mb4 COLLATE=utf8mb4_0900_ai_ci;
/*!40101 SET character_set_client = @saved_cs_client */;

--
-- Dumping data for table `Addresses`
--

LOCK TABLES `Addresses` WRITE;
/*!40000 ALTER TABLE `Addresses` DISABLE KEYS */;
INSERT INTO `Addresses` VALUES (1,16,5),(2,18,20),(3,7,12),(4,10,3),(5,9,43),(6,4,15),(7,2,9),(8,6,42),(9,12,13),(10,13,36),(11,17,44),(12,16,39),(13,9,22),(14,12,16),(15,13,15),(16,12,19),(17,8,7),(18,17,28),(19,16,23),(20,6,14),(21,7,5),(22,4,47),(23,18,5),(24,15,36),(25,6,15),(26,17,1),(27,13,17),(28,1,6),(29,2,37),(30,3,36),(31,9,4),(32,9,38),(33,4,8),(34,7,28),(35,11,8),(36,6,3),(37,12,9),(38,6,33),(39,8,7),(40,14,3),(41,18,50),(42,10,27),(43,4,14),(44,16,15),(45,16,25),(46,14,50),(47,3,1),(48,16,27),(49,18,30),(50,5,9),(51,11,2),(52,16,9),(53,18,24),(54,11,42),(55,7,31),(56,13,27),(57,9,15),(58,17,13),(59,12,30),(60,11,34),(61,5,46),(62,11,45),(63,6,29),(64,7,50),(65,16,44),(66,14,23),(67,1,42),(68,12,42),(69,15,28),(70,4,38),(71,12,37),(72,7,1),(73,16,31),(74,11,4),(75,11,38),(76,10,1),(77,1,46),(78,12,18),(79,8,29),(80,18,32),(81,2,43),(82,11,28),(83,15,43),(84,15,39),(85,1,45),(86,4,35),(87,11,37),(88,9,5),(89,8,38),(90,1,12),(91,13,34),(92,11,49),(93,10,11),(94,7,23),(95,7,40),(96,13,11),(97,13,6),(98,18,45),(99,17,37),(100,12,34),(101,10,8),(102,18,3),(103,7,26),(104,4,8),(105,16,37),(106,8,10),(107,18,44),(108,7,48),(109,3,9),(110,16,40),(111,10,39),(112,3,3),(113,5,1),(114,8,49),(115,10,43),(116,5,23),(117,13,7),(118,18,30),(119,12,47),(120,16,42),(121,18,2),(122,10,40),(123,10,33),(124,14,38),(125,16,44),(126,2,3),(127,6,36),(128,13,23),(129,11,5),(130,13,34),(131,4,26),(132,3,12),(133,10,48),(134,18,1),(135,9,22),(136,3,22),(137,7,17),(138,8,8),(139,1,17),(140,16,4),(141,3,44),(142,14,25),(143,4,29),(144,2,37),(145,12,1),(146,9,50),(147,13,13),(148,5,48),(149,15,11),(150,16,2),(151,3,49),(152,1,15),(153,1,37),(154,7,10),(155,12,30),(156,15,42),(157,12,17),(158,3,45),(159,17,27),(160,17,14),(161,1,35),(162,2,37),(163,16,3),(164,10,38),(165,6,28),(166,8,26),(167,14,5),(168,11,48),(169,16,29),(170,10,1),(171,6,23),(172,9,20),(173,14,48),(174,13,8),(175,11,31),(176,8,6),(177,5,36),(178,2,30),(179,13,30),(180,15,24),(181,17,24),(182,13,47),(183,12,46),(184,13,12),(185,11,48),(186,2,49),(187,1,5),(188,4,1),(189,14,49),(190,15,17),(191,6,2),(192,7,33),(193,14,37),(194,16,41);
/*!40000 ALTER TABLE `Addresses` ENABLE KEYS */;
UNLOCK TABLES;

--
-- Table structure for table `Candidates`
--

DROP TABLE IF EXISTS `Candidates`;
/*!40101 SET @saved_cs_client     = @@character_set_client */;
/*!50503 SET character_set_client = utf8mb4 */;
CREATE TABLE `Candidates` (
  `citizenId` int NOT NULL,
  `partyId` int DEFAULT NULL,
  `priority` int DEFAULT NULL,
  `electionId` int NOT NULL,
  PRIMARY KEY (`citizenId`,`electionId`),
  KEY `partyId` (`partyId`),
  KEY `electionId` (`electionId`),
  CONSTRAINT `Candidates_ibfk_1` FOREIGN KEY (`citizenId`) REFERENCES `Citizens` (`id`),
  CONSTRAINT `Candidates_ibfk_2` FOREIGN KEY (`partyId`) REFERENCES `Parties` (`id`),
  CONSTRAINT `Candidates_ibfk_3` FOREIGN KEY (`electionId`) REFERENCES `Parties` (`id`)
) ENGINE=InnoDB DEFAULT CHARSET=utf8mb4 COLLATE=utf8mb4_0900_ai_ci;
/*!40101 SET character_set_client = @saved_cs_client */;

--
-- Dumping data for table `Candidates`
--

LOCK TABLES `Candidates` WRITE;
/*!40000 ALTER TABLE `Candidates` DISABLE KEYS */;
INSERT INTO `Candidates` VALUES (102,1,3,1),(200,3,2,1),(349,2,1,1),(398,2,3,1),(538,3,3,1),(568,1,1,1),(594,1,2,1),(698,3,1,1),(815,2,2,1);
/*!40000 ALTER TABLE `Candidates` ENABLE KEYS */;
UNLOCK TABLES;

--
-- Table structure for table `Cities`
--

DROP TABLE IF EXISTS `Cities`;
/*!40101 SET @saved_cs_client     = @@character_set_client */;
/*!50503 SET character_set_client = utf8mb4 */;
CREATE TABLE `Cities` (
  `id` int NOT NULL AUTO_INCREMENT,
  `name` varchar(255) NOT NULL,
  `districtId` int DEFAULT NULL,
  PRIMARY KEY (`id`),
  KEY `districtId` (`districtId`),
  CONSTRAINT `Cities_ibfk_1` FOREIGN KEY (`districtId`) REFERENCES `Districts` (`id`)
) ENGINE=InnoDB AUTO_INCREMENT=10 DEFAULT CHARSET=utf8mb4 COLLATE=utf8mb4_0900_ai_ci;
/*!40101 SET character_set_client = @saved_cs_client */;

--
-- Dumping data for table `Cities`
--

LOCK TABLES `Cities` WRITE;
/*!40000 ALTER TABLE `Cities` DISABLE KEYS */;
INSERT INTO `Cities` VALUES (1,'Yerevan',1),(2,'Ararat',2),(3,'Masis',2),(4,'Armavir',3),(5,'Mecamor',3),(6,'Hrazdan',4),(7,'Yeghvard',4),(8,'Gyumri',5),(9,'Artik',5);
/*!40000 ALTER TABLE `Cities` ENABLE KEYS */;
UNLOCK TABLES;

--
-- Table structure for table `CitizenAddresses`
--

DROP TABLE IF EXISTS `CitizenAddresses`;
/*!40101 SET @saved_cs_client     = @@character_set_client */;
/*!50503 SET character_set_client = utf8mb4 */;
CREATE TABLE `CitizenAddresses` (
  `id` int NOT NULL AUTO_INCREMENT,
  `citizenId` int DEFAULT NULL,
  `addressId` int DEFAULT NULL,
  PRIMARY KEY (`id`),
  KEY `citizenId` (`citizenId`),
  KEY `addressId` (`addressId`),
  CONSTRAINT `CitizenAddresses_ibfk_1` FOREIGN KEY (`citizenId`) REFERENCES `Citizens` (`id`),
  CONSTRAINT `CitizenAddresses_ibfk_2` FOREIGN KEY (`addressId`) REFERENCES `Addresses` (`id`)
) ENGINE=InnoDB AUTO_INCREMENT=3 DEFAULT CHARSET=utf8mb4 COLLATE=utf8mb4_0900_ai_ci;
/*!40101 SET character_set_client = @saved_cs_client */;

--
-- Dumping data for table `CitizenAddresses`
--

LOCK TABLES `CitizenAddresses` WRITE;
/*!40000 ALTER TABLE `CitizenAddresses` DISABLE KEYS */;
INSERT INTO `CitizenAddresses` VALUES (1,1,7),(2,65,2);
/*!40000 ALTER TABLE `CitizenAddresses` ENABLE KEYS */;
UNLOCK TABLES;

--
-- Table structure for table `Citizens`
--

DROP TABLE IF EXISTS `Citizens`;
/*!40101 SET @saved_cs_client     = @@character_set_client */;
/*!50503 SET character_set_client = utf8mb4 */;
CREATE TABLE `Citizens` (
  `id` int NOT NULL AUTO_INCREMENT,
  `SSN` int NOT NULL,
  `firstName` varchar(255) NOT NULL,
  `lastName` varchar(255) NOT NULL,
  `DOB` datetime NOT NULL,
  `email` varchar(255) DEFAULT NULL,
  `gender` enum('male','female','other') NOT NULL,
  PRIMARY KEY (`id`),
  UNIQUE KEY `SSN` (`SSN`)
) ENGINE=InnoDB AUTO_INCREMENT=1001 DEFAULT CHARSET=utf8mb4 COLLATE=utf8mb4_0900_ai_ci;
/*!40101 SET character_set_client = @saved_cs_client */;

--
-- Dumping data for table `Citizens`
--

LOCK TABLES `Citizens` WRITE;
/*!40000 ALTER TABLE `Citizens` DISABLE KEYS */;
INSERT INTO `Citizens` VALUES (1,1,'Frank','Dooley','1975-12-23 17:17:24','Barry.Littel@yahoo.com','female'),(2,2,'Anderson','Stamm','2013-12-13 17:17:24','Anissa.McGlynn@yahoo.com','female'),(3,3,'Donald','Baumbach','1961-12-26 17:17:24','Tabitha_Effertz@gmail.com','female'),(4,4,'Rosemarie','Reinger','1964-12-25 17:17:25','Rachael63@hotmail.com','female'),(5,5,'Tomasa','Fisher','1961-12-26 17:17:25','Angelica_Corkery34@hotmail.com','male'),(6,6,'Janelle','Klein','1956-12-27 17:17:25','Dominique93@gmail.com','male'),(7,7,'Jovan','Hermann','1970-12-24 17:17:25','Alvera90@hotmail.com','male'),(8,8,'Cary','Aufderhar','1967-12-25 17:17:25','Jalyn3@yahoo.com','male'),(9,9,'Merritt','Schaefer','2009-12-14 17:17:25','Phyllis.Shields@gmail.com','female'),(10,10,'Estel','O\'Hara','1950-12-29 17:17:25','Violet.Vandervort@hotmail.com','female'),(11,11,'Joanne','Stracke','1961-12-26 17:17:25','Tony_Dare16@gmail.com','female'),(12,12,'Trinity','Hand','1977-12-22 17:17:26','Elenora68@hotmail.com','female'),(13,13,'Rosalind','Muller','1972-12-23 17:17:26','Erika75@hotmail.com','female'),(14,14,'Lois','Maggio','2001-12-16 17:17:27','Ulises79@hotmail.com','female'),(15,15,'Edward','Kertzmann','1996-12-17 17:17:27','Lemuel.Reilly24@yahoo.com','female'),(16,16,'Audra','Bernhard','2019-12-12 17:17:27','Lesly_Kuvalis90@hotmail.com','male'),(17,17,'Keagan','Turner','1968-12-24 17:17:27','Lavada77@hotmail.com','female'),(18,18,'Gussie','Schuppe','1950-12-29 17:17:27','Hubert_Huels@hotmail.com','male'),(19,19,'Mozelle','Franecki','1984-12-20 17:17:27','Amari81@hotmail.com','male'),(20,20,'Buddy','Lang','1998-12-17 17:17:28','Glenna60@yahoo.com','male'),(21,21,'Philip','Gerhold','1944-12-30 17:17:28','Wava_Ritchie@gmail.com','female'),(22,22,'Annabelle','Kutch','1945-12-30 17:17:28','Angel81@yahoo.com','female'),(23,23,'Aubree','Hilpert','1964-12-25 17:17:28','Jeramy.Sauer@yahoo.com','male'),(24,24,'Dario','Mayer','2020-12-11 17:17:28','Emiliano.Morissette87@gmail.com','male'),(25,25,'Clarissa','Harber','2003-12-16 17:17:28','Oceane_Brakus76@yahoo.com','female'),(26,26,'Soledad','Thompson','1998-12-17 17:17:29','Victor30@hotmail.com','male'),(27,27,'Javonte','Marquardt','1942-12-31 17:17:29','Hannah8@gmail.com','male'),(28,28,'Max','MacGyver','2002-12-16 17:17:29','Brandon18@hotmail.com','male'),(29,29,'Houston','Hackett','2012-12-13 17:17:29','Drew.Schoen@yahoo.com','male'),(30,30,'Imani','Becker','1956-12-27 17:17:29','Weston_Rodriguez@gmail.com','male'),(31,31,'Lawson','Wyman','1966-12-25 17:17:29','Kristopher.Nicolas@hotmail.com','female'),(32,32,'Demarco','Moore','1978-12-22 17:17:30','Elsa_Beer61@hotmail.com','female'),(33,33,'Eda','Predovic','1993-12-18 17:17:30','Serenity.Bednar96@yahoo.com','male'),(34,34,'Bret','Howell','1961-12-26 17:17:30','Asia_Weissnat11@gmail.com','female'),(35,35,'Anais','Morar','1982-12-21 17:17:30','Talon_Robel51@gmail.com','male'),(36,36,'Constance','Hahn','1958-12-27 17:17:30','Dayton39@yahoo.com','male'),(37,37,'Domenica','Larson','1957-12-27 17:17:30','Rasheed.Metz13@yahoo.com','female'),(38,38,'Fred','Hodkiewicz','2020-12-11 17:17:31','Guiseppe.Windler@yahoo.com','female'),(39,39,'Darrell','Jerde','2020-12-11 17:17:31','Leatha64@hotmail.com','female'),(40,40,'Unique','Conn','1957-12-27 17:17:31','Deon18@gmail.com','male'),(41,41,'Ora','Schultz','1998-12-17 17:17:31','Chaz_Leannon18@yahoo.com','female'),(42,42,'Richmond','Bernhard','2020-12-11 17:17:31','Celine_Hyatt@hotmail.com','male'),(43,43,'Clare','Paucek','1988-12-19 17:17:32','Carole.Davis61@gmail.com','male'),(44,44,'Abbigail','Kovacek','1959-12-27 17:17:32','Nakia_Hermiston@hotmail.com','female'),(45,45,'Fiona','Wilkinson','1972-12-23 17:17:32','Maegan.Schimmel7@yahoo.com','female'),(46,46,'Marguerite','Watsica','2020-12-11 17:17:32','Nathan0@hotmail.com','female'),(47,47,'Abdiel','Rau','1985-12-20 17:17:32','Kaylah.Runolfsson85@gmail.com','female'),(48,48,'Price','Bergnaum','2008-12-14 17:17:32','Ignacio61@gmail.com','male'),(49,49,'Austen','Marquardt','2015-12-13 17:17:33','Asia_Schowalter32@gmail.com','male'),(50,50,'Kayla','Breitenberg','2018-12-12 17:17:33','Annabel_Runolfsson@yahoo.com','male'),(51,51,'Kylee','Gleichner','2012-12-13 17:17:33','Nelda.Huels20@hotmail.com','male'),(52,52,'Araceli','Ullrich','1971-12-24 17:17:33','Cary_Ziemann97@yahoo.com','male'),(53,53,'Jaeden','Gorczany','2016-12-12 17:17:33','Nelda_Sawayn@hotmail.com','male'),(54,54,'Rowan','Hettinger','1994-12-18 17:17:33','Hobart72@hotmail.com','female'),(55,55,'Garrison','Botsford','1962-12-26 17:17:34','Marcus_Bode25@gmail.com','female'),(56,56,'Brenden','Ruecker','2016-12-12 17:17:34','Carlie8@yahoo.com','female'),(57,57,'Marcos','Armstrong','2009-12-14 17:17:34','Heaven.Spinka60@gmail.com','male'),(58,58,'Miles','Walker','1965-12-25 17:17:34','Lucious.Mills@hotmail.com','female'),(59,59,'Erna','Bauch','1949-12-29 17:17:34','Citlalli.Cruickshank@yahoo.com','male'),(60,60,'Aliya','Bernier','2017-12-12 17:17:34','Alicia50@yahoo.com','male'),(61,61,'Arne','Lakin','1959-12-27 17:17:34','Miller55@yahoo.com','male'),(62,62,'Katlyn','Beier','1982-12-21 17:17:35','Dameon87@hotmail.com','female'),(63,63,'Vicente','Cronin','2007-12-15 17:17:35','Fidel28@gmail.com','female'),(64,64,'Glennie','Jacobson','1956-12-27 17:17:35','Wayne5@yahoo.com','male'),(65,65,'Zora','Howell','2011-12-14 17:17:35','Leopoldo62@yahoo.com','female'),(66,66,'Lexus','Kulas','1998-12-17 17:17:35','Tina_Sauer@yahoo.com','male'),(67,67,'Madie','Ankunding','1955-12-28 17:17:35','Davon6@hotmail.com','female'),(68,68,'Leta','Huels','2017-12-12 17:17:35','Holden.Smith@gmail.com','female'),(69,69,'Eldridge','Spinka','1984-12-20 17:17:35','Kenny.Torphy@yahoo.com','male'),(70,70,'Sedrick','Maggio','2004-12-15 17:17:36','Price_Shields21@gmail.com','male'),(71,71,'Icie','Bode','2019-12-12 17:17:36','Lavern_Lowe@yahoo.com','female'),(72,72,'Clarabelle','Hand','1950-12-29 17:17:36','Brandi57@gmail.com','male'),(73,73,'Lola','Hermiston','1974-12-23 17:17:36','Toni.Kertzmann72@hotmail.com','male'),(74,74,'Cesar','Stroman','1971-12-24 17:17:37','Britney91@hotmail.com','male'),(75,75,'Douglas','Paucek','1988-12-19 17:17:37','Zion_Labadie16@hotmail.com','female'),(76,76,'Ali','Brekke','2010-12-14 17:17:37','Zander27@hotmail.com','male'),(77,77,'Halle','Sanford','1976-12-22 17:17:37','Rigoberto_Zboncak4@gmail.com','male'),(78,78,'Avery','Hammes','1975-12-23 17:17:37','Autumn82@hotmail.com','male'),(79,79,'Maximillia','Metz','2019-12-12 17:17:38','Jaida.DAmore35@hotmail.com','female'),(80,80,'Idell','Haley','1990-12-19 17:17:38','Amalia_Kuhic@yahoo.com','male'),(81,81,'Amya','Volkman','2017-12-12 17:17:38','Gwendolyn6@gmail.com','female'),(82,82,'Loy','Smith','1974-12-23 17:17:38','Xzavier.Beahan@hotmail.com','female'),(83,83,'Bradly','Erdman','1945-12-30 17:17:38','Valentine54@hotmail.com','male'),(84,84,'Dane','Osinski','1980-12-21 17:17:38','Napoleon.Zboncak55@yahoo.com','female'),(85,85,'Charity','Gutmann','1982-12-21 17:17:39','Bo_Cormier@hotmail.com','female'),(86,86,'Carrie','Anderson','2001-12-16 17:17:39','Melyna.Leuschke98@hotmail.com','female'),(87,87,'Citlalli','Hand','1968-12-24 17:17:39','Taryn71@yahoo.com','female'),(88,88,'Alyce','McLaughlin','1951-12-29 17:17:39','Camren92@yahoo.com','male'),(89,89,'Trinity','Murray','1950-12-29 17:17:39','Danielle.Towne@gmail.com','female'),(90,90,'Camden','Wisozk','2000-12-16 17:17:39','Cara_Corwin@hotmail.com','male'),(91,91,'Jana','Macejkovic','1951-12-29 17:17:40','Chet_Hettinger@hotmail.com','male'),(92,92,'Albert','Crist','1965-12-25 17:17:40','Agnes46@yahoo.com','female'),(93,93,'Isom','Vandervort','2018-12-12 17:17:40','Erling_OKeefe@hotmail.com','female'),(94,94,'Jessy','Oberbrunner','2016-12-12 17:17:40','Jermain.Lubowitz@hotmail.com','female'),(95,95,'Orrin','Powlowski','1962-12-26 17:17:40','Justine87@hotmail.com','male'),(96,96,'Kelvin','Rath','1947-12-30 17:17:41','Reyna.Witting@gmail.com','female'),(97,97,'Frederick','Rohan','1998-12-17 17:17:41','Maude10@gmail.com','male'),(98,98,'Nicolas','Weber','1961-12-26 17:17:41','Leta8@hotmail.com','female'),(99,99,'Giovani','Abbott','1980-12-21 17:17:41','Giles29@hotmail.com','male'),(100,100,'Cydney','Shanahan','2000-12-16 17:17:41','Seth6@gmail.com','female'),(101,101,'Jaiden','McClure','1952-12-28 17:17:41','Birdie.Durgan@gmail.com','female'),(102,102,'Amir','Renner','1961-12-26 17:17:42','Toney_Collins14@gmail.com','male'),(103,103,'Bernardo','Armstrong','2018-12-12 17:17:42','Lisette.Ziemann@hotmail.com','male'),(104,104,'Lonie','Bradtke','1965-12-25 17:17:42','Chyna74@gmail.com','male'),(105,105,'Damian','Fahey','1982-12-21 17:17:42','Kattie_Wunsch88@hotmail.com','male'),(106,106,'Frances','Cole','1956-12-27 17:17:42','Eden91@yahoo.com','male'),(107,107,'Misael','Bruen','1993-12-18 17:17:42','Lenny.Runolfsdottir6@hotmail.com','male'),(108,108,'Brandt','Jaskolski','2003-12-16 17:17:43','Aron_Runolfsdottir9@gmail.com','female'),(109,109,'Adriana','Greenfelder','1975-12-23 17:17:43','Janae_Brakus60@yahoo.com','male'),(110,110,'Elias','Ortiz','1991-12-19 17:17:43','Elsie39@yahoo.com','male'),(111,111,'Clovis','Kerluke','1966-12-25 17:17:43','Christ71@gmail.com','female'),(112,112,'Amira','Rowe','1951-12-29 17:17:43','Johathan1@hotmail.com','male'),(113,113,'Mckenna','Schroeder','2015-12-13 17:17:44','Braxton51@hotmail.com','female'),(114,114,'Cayla','Homenick','1963-12-26 17:17:44','Evan_Crona62@gmail.com','male'),(115,115,'Sydni','Von','1975-12-23 17:17:44','Lexie20@yahoo.com','male'),(116,116,'Nayeli','Prosacco','2018-12-12 17:17:44','Agustin_Anderson75@yahoo.com','female'),(117,117,'Israel','Skiles','1952-12-28 17:17:44','Eino57@gmail.com','female'),(118,118,'Erica','Romaguera','1972-12-23 17:17:44','Rasheed_Kirlin@gmail.com','male'),(119,119,'Abagail','Kuvalis','1971-12-24 17:17:44','Alejandrin32@hotmail.com','female'),(120,120,'Dennis','Watsica','1991-12-19 17:17:44','Arch.Becker34@yahoo.com','female'),(121,121,'Landen','Bosco','2005-12-15 17:17:45','Elnora.Kiehn78@hotmail.com','female'),(122,122,'Karli','Leuschke','1972-12-23 17:17:45','Cecil_Ondricka@gmail.com','female'),(123,123,'Savannah','Hoppe','1960-12-26 17:17:45','Leanna.Smith@gmail.com','female'),(124,124,'Herminio','Dicki','1979-12-22 17:17:45','Eduardo.Rice30@yahoo.com','male'),(125,125,'Jessy','Mann','2007-12-15 17:17:45','Miguel.Harris@gmail.com','female'),(126,126,'Raphael','Funk','1994-12-18 17:17:45','Harold.Kunze@yahoo.com','female'),(127,127,'Gladys','Huel','1998-12-17 17:17:46','Kip.Wisozk@hotmail.com','male'),(128,128,'Hunter','DuBuque','1964-12-25 17:17:46','Cornelius.Botsford@gmail.com','male'),(129,129,'Germaine','Lockman','2009-12-14 17:17:46','Gladys13@yahoo.com','female'),(130,130,'Thelma','Raynor','1961-12-26 17:17:46','Connie_Wuckert80@hotmail.com','male'),(131,131,'Agustin','Mueller','2000-12-16 17:17:46','Hershel.Bergnaum@hotmail.com','female'),(132,132,'Boyd','Dare','1999-12-17 17:17:46','Austyn.Heidenreich30@hotmail.com','male'),(133,133,'Jarred','Hyatt','1963-12-26 17:17:47','Estrella_Daniel@yahoo.com','male'),(134,134,'Amy','Schamberger','2006-12-15 17:17:47','Elenora_Green50@yahoo.com','female'),(135,135,'Friedrich','Stanton','1995-12-18 17:17:47','Maxie85@gmail.com','female'),(136,136,'Edwin','Hermiston','1964-12-25 17:17:47','Carissa_Mueller@gmail.com','male'),(137,137,'Breanne','Aufderhar','1986-12-20 17:17:47','Arvel.Balistreri@yahoo.com','male'),(138,138,'Isaac','Schmeler','1992-12-18 17:17:47','Robert_Dickens61@gmail.com','female'),(139,139,'Shanie','Collins','1983-12-21 17:17:48','Eliseo10@gmail.com','female'),(140,140,'Brenda','Prohaska','1966-12-25 17:17:48','Merlin29@yahoo.com','male'),(141,141,'Betsy','Reichert','1978-12-22 17:17:48','Imelda8@hotmail.com','female'),(142,142,'Shanny','Huel','2008-12-14 17:17:48','Anya_Brown@gmail.com','female'),(143,143,'Merle','Parisian','1965-12-25 17:17:48','Rebecca_Bode80@hotmail.com','female'),(144,144,'Aida','Feeney','2005-12-15 17:17:48','Quinn.Collins@hotmail.com','female'),(145,145,'Dorthy','Klein','1966-12-25 17:17:49','Joe44@hotmail.com','male'),(146,146,'Abigayle','Bins','1952-12-28 17:17:49','Virgie.Pfeffer@gmail.com','male'),(147,147,'Avis','Goyette','1942-12-31 17:17:49','Joshuah_Bechtelar42@gmail.com','male'),(148,148,'Muhammad','Ritchie','1989-12-19 17:17:49','Gideon.Swaniawski88@hotmail.com','male'),(149,149,'Nestor','Hettinger','1948-12-29 17:17:49','Dianna.Kozey96@yahoo.com','male'),(150,150,'Shanie','Strosin','1990-12-19 17:17:50','Lewis72@gmail.com','male'),(151,151,'Hayley','Kub','1956-12-27 17:17:50','Virginia_Dicki35@yahoo.com','female'),(152,152,'Hipolito','Christiansen','1987-12-20 17:17:50','Bryana_Halvorson@hotmail.com','male'),(153,153,'Parker','Tremblay','1942-12-31 17:17:50','Lulu_Hane23@yahoo.com','male'),(154,154,'Shad','Denesik','1998-12-17 17:17:50','Justine.Marquardt@gmail.com','male'),(155,155,'Jacklyn','Green','1995-12-18 17:17:51','Clotilde85@yahoo.com','female'),(156,156,'Shanel','Schmeler','1943-12-31 17:17:51','Caden20@yahoo.com','female'),(157,157,'Katlyn','Von','1972-12-23 17:17:51','Katlynn_Huels@hotmail.com','female'),(158,158,'Aliza','Bernier','1972-12-23 17:17:51','Hallie_Ritchie@gmail.com','male'),(159,159,'Benny','Blick','1951-12-29 17:17:51','Jovani_Corkery84@yahoo.com','male'),(160,160,'Sophie','Keeling','1954-12-28 17:17:51','Kadin44@yahoo.com','male'),(161,161,'Virginie','Olson','1988-12-19 17:17:52','Cortney.Bartell@yahoo.com','male'),(162,162,'Colin','Hermiston','2013-12-13 17:17:52','Nadia_Dietrich88@yahoo.com','female'),(163,163,'Gunner','Brakus','1981-12-21 17:17:52','Brooks7@gmail.com','female'),(164,164,'Dolores','Schuppe','2017-12-12 17:17:52','America.Lynch@yahoo.com','male'),(165,165,'Alva','Stokes','1979-12-22 17:17:52','Javon25@hotmail.com','male'),(166,166,'Kailey','Effertz','1996-12-17 17:17:53','Kenyon.Bernhard@yahoo.com','female'),(167,167,'Neil','Mueller','1980-12-21 17:17:53','Alexane.Nikolaus@gmail.com','male'),(168,168,'Randal','Rempel','1966-12-25 17:17:53','Titus45@hotmail.com','female'),(169,169,'Ellis','Leuschke','1993-12-18 17:17:53','Okey27@yahoo.com','male'),(170,170,'Mable','Greenholt','1948-12-29 17:17:53','Sim.Lebsack@gmail.com','male'),(171,171,'Eino','Okuneva','1965-12-25 17:17:53','Sydnee.Gislason@hotmail.com','male'),(172,172,'Seamus','Larkin','2007-12-15 17:17:54','Raina14@hotmail.com','male'),(173,173,'Pamela','Waters','1951-12-29 17:17:54','Bette59@gmail.com','female'),(174,174,'Eino','Farrell','1951-12-29 17:17:54','Urban.Maggio@yahoo.com','female'),(175,175,'Dakota','Langworth','1943-12-31 17:17:54','Albina.Toy47@yahoo.com','female'),(176,176,'Easter','Schaefer','1961-12-26 17:17:54','Kirk75@hotmail.com','female'),(177,177,'Aylin','McLaughlin','1990-12-19 17:17:54','Denis_Halvorson@yahoo.com','male'),(178,178,'Floy','Parker','1943-12-31 17:17:54','Melissa.Zieme28@hotmail.com','female'),(179,179,'Austen','Mertz','1973-12-23 17:17:55','Dean_Harris@yahoo.com','female'),(180,180,'Mason','Baumbach','1976-12-22 17:17:55','Hyman70@yahoo.com','female'),(181,181,'Laurine','Orn','1949-12-29 17:17:55','Solon.Weissnat73@yahoo.com','female'),(182,182,'Marcos','Lakin','1974-12-23 17:17:55','Freeda.Nikolaus@gmail.com','female'),(183,183,'Alvis','Tromp','1945-12-30 17:17:55','Krystel79@yahoo.com','male'),(184,184,'Jeanie','Heidenreich','1985-12-20 17:17:55','Sedrick3@hotmail.com','male'),(185,185,'Evan','Parisian','2001-12-16 17:17:55','Jon_Howe@gmail.com','female'),(186,186,'Christina','Schowalter','2012-12-13 17:17:55','Adrienne21@gmail.com','male'),(187,187,'Gavin','Gerhold','1968-12-24 17:17:56','Estefania13@yahoo.com','male'),(188,188,'Pasquale','Little','1951-12-29 17:17:56','Isaac.Lang1@hotmail.com','female'),(189,189,'Lina','Casper','2001-12-16 17:17:56','Raymundo_Kessler54@gmail.com','male'),(190,190,'Jeramie','Conn','1998-12-17 17:17:56','Rubye.Kemmer73@gmail.com','male'),(191,191,'Flo','Pouros','1986-12-20 17:17:56','Kristopher_Homenick@gmail.com','male'),(192,192,'Korey','Beatty','1955-12-28 17:17:56','Bridie29@yahoo.com','female'),(193,193,'Timothy','Douglas','1946-12-30 17:17:57','Deron_Quitzon@hotmail.com','male'),(194,194,'Bonita','Toy','2016-12-12 17:17:57','Nora.Macejkovic2@hotmail.com','female'),(195,195,'Kenyon','Kilback','2003-12-16 17:17:57','Vesta97@gmail.com','female'),(196,196,'Juana','Pollich','1948-12-29 17:17:57','Adah.Greenholt@gmail.com','female'),(197,197,'Clair','Heidenreich','1971-12-24 17:17:58','Jason_Becker@yahoo.com','male'),(198,198,'Giuseppe','Cummerata','1958-12-27 17:17:58','Maximillian.Erdman40@yahoo.com','male'),(199,199,'Audreanne','Graham','1950-12-29 17:17:58','Saul59@hotmail.com','female'),(200,200,'Cornell','Grimes','1952-12-28 17:17:58','Winona97@yahoo.com','male'),(201,201,'Maegan','Jenkins','1957-12-27 17:17:58','Destiney_Feil24@gmail.com','male'),(202,202,'Odie','Hermann','1950-12-29 17:17:59','Bell_Rippin31@gmail.com','male'),(203,203,'Emilia','Thiel','2014-12-13 17:17:59','Solon_Schowalter@gmail.com','male'),(204,204,'Holly','Senger','1953-12-28 17:17:59','Hailee.Carroll15@yahoo.com','male'),(205,205,'Breana','Becker','1992-12-18 17:17:59','Aditya93@hotmail.com','male'),(206,206,'Lora','Mraz','1967-12-25 17:17:59','Darrel.Lueilwitz59@gmail.com','female'),(207,207,'Annette','Lynch','1999-12-17 17:17:59','Ryan.White4@gmail.com','male'),(208,208,'Freida','Lebsack','1994-12-18 17:18:00','Jonatan11@yahoo.com','male'),(209,209,'Estrella','Cronin','1964-12-25 17:18:00','Katheryn.Powlowski32@yahoo.com','male'),(210,210,'Demetrius','Wuckert','2010-12-14 17:18:00','Telly.Weissnat30@yahoo.com','female'),(211,211,'Zachariah','Rau','1984-12-20 17:18:00','Ryley_Fadel0@gmail.com','female'),(212,212,'Anibal','Cruickshank','1994-12-18 17:18:00','Leora_Volkman75@hotmail.com','male'),(213,213,'Jaunita','Hyatt','1941-12-31 17:18:00','Aliya39@gmail.com','male'),(214,214,'Ivy','Block','1947-12-30 17:18:01','Eldon.Mertz83@hotmail.com','female'),(215,215,'Stan','Rowe','1979-12-22 17:18:01','Nathanial26@gmail.com','female'),(216,216,'Marge','Grant','2007-12-15 17:18:01','Jaiden81@hotmail.com','female'),(217,217,'Garnet','Schamberger','2010-12-14 17:18:01','Madisyn.Mohr58@gmail.com','male'),(218,218,'Willa','Hartmann','2005-12-15 17:18:01','Darian77@gmail.com','male'),(219,219,'Jacinto','Hessel','1959-12-27 17:18:02','Piper.Bartoletti@hotmail.com','female'),(220,220,'Ryan','Kuhic','1949-12-29 17:18:02','Newell.Fritsch11@yahoo.com','male'),(221,221,'Shaylee','Rippin','1942-12-31 17:18:02','Mariah_Hickle7@hotmail.com','male'),(222,222,'Lizzie','Balistreri','2019-12-12 17:18:02','Josiane_Leuschke@gmail.com','male'),(223,223,'Jaylin','Kessler','1956-12-27 17:18:02','Cortez_Hahn@hotmail.com','male'),(224,224,'Frieda','Goodwin','1987-12-20 17:18:03','Mona.Daniel46@hotmail.com','female'),(225,225,'Camylle','Keebler','1950-12-29 17:18:03','Jayden_Moen@yahoo.com','male'),(226,226,'Chance','Fay','1973-12-23 17:18:03','Jevon_Batz29@yahoo.com','female'),(227,227,'Quinn','Reichert','2001-12-16 17:18:03','Alessia10@gmail.com','female'),(228,228,'Rachael','Abshire','1963-12-26 17:18:03','Angelina_Kris43@gmail.com','female'),(229,229,'Cydney','Terry','1963-12-26 17:18:03','Ashlee_Volkman81@hotmail.com','male'),(230,230,'Mafalda','Dare','2020-12-11 17:18:04','Raphael_Feil32@hotmail.com','male'),(231,231,'Reyna','Gorczany','1960-12-26 17:18:04','Tom.Tromp@gmail.com','male'),(232,232,'Gilda','Walsh','1993-12-18 17:18:04','Karine.Cummerata@gmail.com','male'),(233,233,'Geo','Frami','2009-12-14 17:18:04','Lucius_Kovacek9@hotmail.com','female'),(234,234,'Halie','Aufderhar','1943-12-31 17:18:04','Dandre.Prosacco97@yahoo.com','female'),(235,235,'Tillman','Botsford','1951-12-29 17:18:04','Jennyfer41@gmail.com','female'),(236,236,'Garry','Casper','1963-12-26 17:18:04','Shannon_Hartmann41@yahoo.com','male'),(237,237,'Delia','Blick','2006-12-15 17:18:05','Dorcas.DuBuque@gmail.com','female'),(238,238,'Candice','Hagenes','1998-12-17 17:18:05','London.Reilly8@yahoo.com','female'),(239,239,'Gladys','Gutmann','2010-12-14 17:18:05','Dustin.Hermann@hotmail.com','female'),(240,240,'Althea','Mayert','1962-12-26 17:18:05','Meaghan.Champlin@yahoo.com','female'),(241,241,'Michaela','Abernathy','1944-12-30 17:18:05','Lucy_Goyette75@hotmail.com','female'),(242,242,'Nakia','Blick','1974-12-23 17:18:05','Violet_Hackett@yahoo.com','female'),(243,243,'Myah','Hermiston','1964-12-25 17:18:05','Liam33@yahoo.com','male'),(244,244,'Esmeralda','Murray','2001-12-16 17:18:05','Chris_Kuvalis@gmail.com','male'),(245,245,'Belle','Kirlin','1990-12-19 17:18:05','Raquel.Gleason@gmail.com','female'),(246,246,'Kim','Mertz','1995-12-18 17:18:05','Dianna18@gmail.com','male'),(247,247,'Jordy','McDermott','1949-12-29 17:18:06','Jalen.Stokes@yahoo.com','female'),(248,248,'Brayan','Carter','1965-12-25 17:18:06','Mavis_Fadel86@yahoo.com','female'),(249,249,'Emily','Runte','1953-12-28 17:18:06','Stacy41@hotmail.com','female'),(250,250,'Cary','Wilkinson','1961-12-26 17:18:06','Jazmin.Bashirian48@yahoo.com','female'),(251,251,'Cory','Johns','2002-12-16 17:18:06','Teagan_Abernathy6@gmail.com','female'),(252,252,'Rico','Spencer','1980-12-21 17:18:06','Edgardo.Durgan@yahoo.com','female'),(253,253,'Zoila','Metz','2017-12-12 17:18:07','Phyllis_Grimes84@gmail.com','male'),(254,254,'Karley','Corkery','2013-12-13 17:18:07','Jimmy38@gmail.com','female'),(255,255,'Obie','Rolfson','1988-12-19 17:18:07','Verla0@hotmail.com','male'),(256,256,'Lucio','Price','1978-12-22 17:18:07','Wilfred89@hotmail.com','female'),(257,257,'Coralie','Miller','1993-12-18 17:18:07','Lea.Bednar66@yahoo.com','female'),(258,258,'Julius','Hettinger','2011-12-14 17:18:08','Dayana_Thompson66@gmail.com','male'),(259,259,'Derrick','Jakubowski','1966-12-25 17:18:08','Lelah38@gmail.com','male'),(260,260,'Ludie','Christiansen','1946-12-30 17:18:08','Donna.Harber41@hotmail.com','male'),(261,261,'Randi','Powlowski','1948-12-29 17:18:08','Emory_Jakubowski@gmail.com','female'),(262,262,'Mckayla','Roob','1943-12-31 17:18:08','Coralie56@hotmail.com','female'),(263,263,'Izabella','Cole','2007-12-15 17:18:08','Angie_Satterfield79@gmail.com','male'),(264,264,'Noelia','Bailey','1959-12-27 17:18:09','Alberto48@hotmail.com','male'),(265,265,'Katharina','Blanda','1946-12-30 17:18:09','Hannah_Gleason@gmail.com','male'),(266,266,'Augustine','Boyle','1990-12-19 17:18:09','Emilia_Stroman@yahoo.com','female'),(267,267,'Tracey','Parker','1987-12-20 17:18:09','Diana.Lindgren58@hotmail.com','female'),(268,268,'Joany','Beatty','1979-12-22 17:18:09','Elizabeth55@hotmail.com','male'),(269,269,'Vincenzo','Baumbach','2007-12-15 17:18:09','Keyon.Kuphal@yahoo.com','female'),(270,270,'Delpha','Witting','1964-12-25 17:18:10','Tristin_Cormier11@hotmail.com','female'),(271,271,'Janet','Dibbert','1952-12-28 17:18:10','Shannon.Bode11@hotmail.com','female'),(272,272,'Talia','Pagac','1970-12-24 17:18:10','Nicolas_Emmerich@hotmail.com','male'),(273,273,'Dimitri','Raynor','2003-12-16 17:18:10','Kyle_Funk55@hotmail.com','female'),(274,274,'Ed','Douglas','1999-12-17 17:18:10','Brandt66@hotmail.com','female'),(275,275,'Phoebe','Koch','1951-12-29 17:18:11','Marquis30@yahoo.com','male'),(276,276,'Mozell','Osinski','1992-12-18 17:18:11','Lance89@gmail.com','male'),(277,277,'Nora','Pacocha','1997-12-17 17:18:11','Buford49@yahoo.com','female'),(278,278,'Ellsworth','Reynolds','1955-12-28 17:18:11','Eunice58@hotmail.com','male'),(279,279,'Cristina','Hilpert','1950-12-29 17:18:11','Dax23@hotmail.com','female'),(280,280,'Laverne','Fadel','1953-12-28 17:18:12','Cale_Bechtelar65@yahoo.com','female'),(281,281,'Irving','Halvorson','2004-12-15 17:18:12','Nichole.VonRueden@yahoo.com','female'),(282,282,'Jerrell','Reilly','1995-12-18 17:18:12','Ebba68@gmail.com','male'),(283,283,'Alex','Conn','1999-12-17 17:18:12','Carrie.Harber70@gmail.com','male'),(284,284,'Delta','Weimann','1983-12-21 17:18:12','Everett.Pagac49@gmail.com','male'),(285,285,'April','Spinka','1984-12-20 17:18:13','Grayce51@hotmail.com','male'),(286,286,'Marian','Jenkins','1989-12-19 17:18:13','Murphy_Hodkiewicz@gmail.com','male'),(287,287,'Lilla','Rippin','1952-12-28 17:18:13','Brandon.Hilpert@yahoo.com','male'),(288,288,'Alessandro','Jerde','1999-12-17 17:18:13','Hellen.Champlin@gmail.com','male'),(289,289,'Gabrielle','Dicki','2012-12-13 17:18:13','Daisha81@hotmail.com','male'),(290,290,'Fern','Pouros','2014-12-13 17:18:13','Esmeralda46@yahoo.com','male'),(291,291,'Viviane','Hickle','2010-12-14 17:18:14','Darren87@gmail.com','female'),(292,292,'Carolyne','Adams','2015-12-13 17:18:14','Christian12@yahoo.com','male'),(293,293,'Creola','Denesik','1949-12-29 17:18:14','Aliya_Mayer@gmail.com','male'),(294,294,'Stefanie','Carter','1990-12-19 17:18:14','Lucy_Von44@gmail.com','female'),(295,295,'Ara','Borer','1977-12-22 17:18:14','Newell_Morissette@hotmail.com','male'),(296,296,'Marty','Dach','2001-12-16 17:18:14','Hertha_Kreiger6@hotmail.com','female'),(297,297,'Justina','Macejkovic','1965-12-25 17:18:15','Devan_Wyman@yahoo.com','male'),(298,298,'Rhea','Jenkins','2018-12-12 17:18:15','Emie0@gmail.com','female'),(299,299,'Augustine','Gislason','1983-12-21 17:18:15','Mariam_Hansen@hotmail.com','female'),(300,300,'Katelynn','Ankunding','2017-12-12 17:18:15','Jerald_Mante@gmail.com','male'),(301,301,'Aliza','Fisher','2008-12-14 17:18:15','Jessy.Leffler@gmail.com','female'),(302,302,'Maximus','Bashirian','2018-12-12 17:18:15','Watson.Ritchie@hotmail.com','female'),(303,303,'Alf','Hayes','2007-12-15 17:18:15','Mariana99@yahoo.com','female'),(304,304,'Nikolas','Kuhlman','1960-12-26 17:18:16','Cordia50@yahoo.com','female'),(305,305,'Akeem','Jast','1982-12-21 17:18:16','Nickolas_Walker93@yahoo.com','male'),(306,306,'Grady','Murazik','1987-12-20 17:18:16','Darron_Raynor17@yahoo.com','female'),(307,307,'Ansel','Reichel','1996-12-17 17:18:16','Otho78@yahoo.com','female'),(308,308,'Jimmy','Wilkinson','1953-12-28 17:18:16','Bette.Harber@hotmail.com','female'),(309,309,'Ladarius','Gleason','2002-12-16 17:18:16','Kyler.Hessel4@gmail.com','female'),(310,310,'Bertrand','West','1947-12-30 17:18:17','Garfield.Bahringer72@hotmail.com','female'),(311,311,'Justen','Larson','1963-12-26 17:18:17','Erika_Welch@yahoo.com','male'),(312,312,'Linda','Runolfsdottir','2018-12-12 17:18:17','Colton_Kirlin@gmail.com','male'),(313,313,'Buster','McClure','2007-12-15 17:18:17','Leon2@yahoo.com','male'),(314,314,'Edward','Lowe','1996-12-17 17:18:17','Lexus.Vandervort23@gmail.com','female'),(315,315,'Jett','Price','1941-12-31 17:18:18','Carey_Stehr83@yahoo.com','female'),(316,316,'Christ','Ward','1970-12-24 17:18:18','Johnpaul_Langosh39@gmail.com','male'),(317,317,'Santiago','Abshire','2016-12-12 17:18:18','Jaden_Gislason95@gmail.com','female'),(318,318,'Nikko','Pfannerstill','1977-12-22 17:18:18','Sheila.Legros82@gmail.com','female'),(319,319,'Gretchen','Hilll','2015-12-13 17:18:18','Arthur4@gmail.com','female'),(320,320,'Alvena','Davis','1997-12-17 17:18:18','Nannie66@gmail.com','male'),(321,321,'Stan','Balistreri','1962-12-26 17:18:19','Brandi37@gmail.com','female'),(322,322,'Precious','Heller','1994-12-18 17:18:19','Dennis38@gmail.com','male'),(323,323,'Aaron','Welch','1955-12-28 17:18:19','Augustus_Wolff@hotmail.com','female'),(324,324,'Cindy','Wilderman','1982-12-21 17:18:19','Tracy_Feest99@gmail.com','male'),(325,325,'Sammie','Ullrich','2017-12-12 17:18:19','Charles.Huel@yahoo.com','male'),(326,326,'Laura','Monahan','1994-12-18 17:18:19','Santa.Hoppe50@hotmail.com','male'),(327,327,'Rachelle','Considine','1991-12-19 17:18:20','Mavis36@yahoo.com','female'),(328,328,'Isabella','Tillman','1973-12-23 17:18:20','Elinore_Rodriguez85@hotmail.com','male'),(329,329,'Sabryna','O\'Connell','1992-12-18 17:18:20','Trystan79@gmail.com','female'),(330,330,'Jeanette','Hand','1972-12-23 17:18:20','Domenic84@hotmail.com','female'),(331,331,'Monroe','Waelchi','1998-12-17 17:18:20','Lizeth.Zieme17@yahoo.com','female'),(332,332,'Nathen','Ortiz','1992-12-18 17:18:21','Veronica47@gmail.com','male'),(333,333,'Raul','Mueller','1998-12-17 17:18:21','Constance.Reinger53@gmail.com','female'),(334,334,'Devonte','Tremblay','1994-12-18 17:18:21','Alexandre.Fisher@hotmail.com','female'),(335,335,'Nola','Schumm','1978-12-22 17:18:21','Gavin13@hotmail.com','male'),(336,336,'Athena','Gottlieb','1979-12-22 17:18:21','Mohamed.Hyatt@hotmail.com','male'),(337,337,'Keegan','Wisoky','1986-12-20 17:18:21','Katarina_Thompson70@gmail.com','male'),(338,338,'Estell','Dietrich','1943-12-31 17:18:22','Jarret.OKon@yahoo.com','female'),(339,339,'Jordyn','Becker','1963-12-26 17:18:22','Lawrence.Zulauf27@yahoo.com','female'),(340,340,'Remington','Lang','2019-12-12 17:18:22','Clement_Spencer@hotmail.com','male'),(341,341,'Lelah','Kerluke','1960-12-26 17:18:22','Bethany86@gmail.com','female'),(342,342,'Bonita','Rodriguez','1950-12-29 17:18:22','Stuart.Welch92@gmail.com','male'),(343,343,'Elbert','Dickens','1976-12-22 17:18:22','Ralph0@gmail.com','male'),(344,344,'Connor','Block','2019-12-12 17:18:23','Anissa56@yahoo.com','female'),(345,345,'Niko','Rodriguez','1950-12-29 17:18:23','Jonathon91@yahoo.com','male'),(346,346,'Lennie','Ruecker','1988-12-19 17:18:23','Vivian_Schamberger39@hotmail.com','female'),(347,347,'Kaitlyn','Ryan','2005-12-15 17:18:23','Madisen_Wisozk96@yahoo.com','female'),(348,348,'Eudora','Ledner','1946-12-30 17:18:23','Natalia16@yahoo.com','male'),(349,349,'Ivah','Lockman','1944-12-30 17:18:23','Mallory.Johns84@hotmail.com','female'),(350,350,'Hank','Bins','1978-12-22 17:18:24','Stan.Schuppe@gmail.com','female'),(351,351,'Edwardo','Herzog','1981-12-21 17:18:24','Wilhelmine_Reinger8@hotmail.com','male'),(352,352,'Domingo','Schoen','2005-12-15 17:18:24','Freda.Paucek75@hotmail.com','female'),(353,353,'Delmer','Toy','1961-12-26 17:18:24','Roscoe_Schaefer@hotmail.com','male'),(354,354,'Cierra','Beahan','1974-12-23 17:18:24','Cordell4@gmail.com','female'),(355,355,'Clotilde','Beer','1988-12-19 17:18:24','Leonard26@yahoo.com','male'),(356,356,'Arielle','Dare','1944-12-30 17:18:24','Morgan75@gmail.com','male'),(357,357,'Percival','Reichel','2004-12-15 17:18:25','Sedrick44@yahoo.com','female'),(358,358,'Allan','Nicolas','1942-12-31 17:18:25','Linda10@hotmail.com','female'),(359,359,'Kaylie','Cronin','1965-12-25 17:18:25','Jovanny43@gmail.com','female'),(360,360,'Joanne','Schimmel','1974-12-23 17:18:25','Rasheed92@gmail.com','male'),(361,361,'Providenci','Shanahan','1977-12-22 17:18:25','Jonas_Schaden1@gmail.com','male'),(362,362,'Jeremy','McClure','1966-12-25 17:18:25','Eryn_Terry@gmail.com','male'),(363,363,'Leanna','Bartoletti','2012-12-13 17:18:25','Nathen51@hotmail.com','female'),(364,364,'Isabella','Roberts','1968-12-24 17:18:26','Camylle42@gmail.com','male'),(365,365,'Larry','Christiansen','1996-12-17 17:18:26','Annalise_Bechtelar@hotmail.com','male'),(366,366,'Sonya','Skiles','1970-12-24 17:18:26','Alysson.Runte@gmail.com','male'),(367,367,'Emie','Abshire','1999-12-17 17:18:26','Santos_Cruickshank46@gmail.com','female'),(368,368,'Hope','Lowe','2009-12-14 17:18:26','Charley88@hotmail.com','male'),(369,369,'Kristy','Goodwin','2010-12-14 17:18:26','Dave.Lang29@hotmail.com','female'),(370,370,'Easter','Grant','1978-12-22 17:18:27','Stephon_Conroy@yahoo.com','male'),(371,371,'Hardy','Gottlieb','2004-12-15 17:18:27','Lilliana.Raynor61@hotmail.com','female'),(372,372,'Leif','Robel','1960-12-26 17:18:27','Marlon4@yahoo.com','male'),(373,373,'Therese','Nitzsche','2005-12-15 17:18:27','Alanis33@gmail.com','male'),(374,374,'Stefanie','Breitenberg','1959-12-27 17:18:27','Alexandria.Weber1@yahoo.com','female'),(375,375,'Dylan','Oberbrunner','1959-12-27 17:18:28','Alycia.MacGyver@hotmail.com','male'),(376,376,'Alek','Pouros','1964-12-25 17:18:28','Vanessa7@yahoo.com','female'),(377,377,'Jaylan','Balistreri','1959-12-27 17:18:28','Darius2@yahoo.com','male'),(378,378,'Dewayne','Kautzer','2005-12-15 17:18:28','Stella92@yahoo.com','male'),(379,379,'Edwina','Kuvalis','2019-12-12 17:18:28','Ibrahim.Johnston33@hotmail.com','male'),(380,380,'Allan','Berge','2010-12-14 17:18:29','Jalon.Bradtke@gmail.com','female'),(381,381,'Hillary','Glover','1965-12-25 17:18:29','Elliot33@gmail.com','male'),(382,382,'Amir','Mante','1987-12-20 17:18:29','Royce56@yahoo.com','female'),(383,383,'Lula','Breitenberg','1974-12-23 17:18:29','Savanah_Gaylord64@gmail.com','male'),(384,384,'Larue','Hegmann','1956-12-27 17:18:29','Jessy_Romaguera7@yahoo.com','female'),(385,385,'Kaia','Barrows','2004-12-15 17:18:30','Alisha_Beahan@hotmail.com','female'),(386,386,'Josiah','Luettgen','1995-12-18 17:18:30','Emmy.Okuneva@hotmail.com','male'),(387,387,'Michelle','Koepp','1996-12-17 17:18:30','Kayli9@gmail.com','male'),(388,388,'Ramon','Hills','2003-12-16 17:18:30','Rosalee.Vandervort@hotmail.com','male'),(389,389,'Kory','Steuber','2017-12-12 17:18:30','Cristina.Hickle95@yahoo.com','female'),(390,390,'Alessia','Jast','1990-12-19 17:18:31','Jaida17@yahoo.com','male'),(391,391,'Abigale','Blick','1952-12-28 17:18:31','Bernie.White15@yahoo.com','male'),(392,392,'Roger','Abernathy','2017-12-12 17:18:31','Durward58@hotmail.com','female'),(393,393,'Dahlia','Kulas','2004-12-15 17:18:31','Lucy_Jones15@hotmail.com','male'),(394,394,'Casimir','Murphy','2011-12-14 17:18:31','Lexus95@gmail.com','female'),(395,395,'Jay','Corwin','1999-12-17 17:18:31','Jay96@yahoo.com','male'),(396,396,'Darwin','Leuschke','2012-12-13 17:18:32','Zane17@hotmail.com','male'),(397,397,'Glenda','Crona','1973-12-23 17:18:32','Keegan.Medhurst@gmail.com','male'),(398,398,'Demarcus','Rowe','1949-12-29 17:18:32','Melissa31@hotmail.com','male'),(399,399,'Clovis','Corwin','2016-12-12 17:18:32','Hugh.Berge@hotmail.com','male'),(400,400,'Laverne','Corwin','2000-12-16 17:18:32','Noelia_Bins48@yahoo.com','female'),(401,401,'Florida','Dickinson','2000-12-16 17:18:32','Brayan_Schneider@hotmail.com','male'),(402,402,'Demond','Willms','1952-12-28 17:18:33','Emilio_Leffler77@hotmail.com','female'),(403,403,'Jedidiah','Spinka','2000-12-16 17:18:33','Hank.Swaniawski@yahoo.com','male'),(404,404,'Abraham','Franecki','2000-12-16 17:18:33','Manuel_Vandervort90@gmail.com','male'),(405,405,'Emily','Prohaska','1954-12-28 17:18:33','Dolly.Marvin@yahoo.com','female'),(406,406,'General','Schimmel','1996-12-17 17:18:33','Maximus.Prosacco22@gmail.com','male'),(407,407,'Mercedes','Keebler','1954-12-28 17:18:33','Collin16@hotmail.com','female'),(408,408,'Andrew','Donnelly','1991-12-19 17:18:34','Cassie.Torphy@yahoo.com','male'),(409,409,'Elmer','Frami','1978-12-22 17:18:34','Gretchen.Windler14@yahoo.com','female'),(410,410,'Krystina','Monahan','1994-12-18 17:18:34','Jermain.OConnell12@gmail.com','female'),(411,411,'Jayce','McGlynn','1998-12-17 17:18:34','Abdiel.Gerhold@gmail.com','male'),(412,412,'Garry','Kris','2018-12-12 17:18:34','Kody89@gmail.com','female'),(413,413,'Hiram','Lind','1943-12-31 17:18:34','Onie37@yahoo.com','male'),(414,414,'Macey','Schroeder','1945-12-30 17:18:34','Ernestine.Emmerich@hotmail.com','male'),(415,415,'Elmo','Raynor','1968-12-24 17:18:34','Guillermo81@hotmail.com','male'),(416,416,'Eli','Rice','1988-12-19 17:18:35','Melody86@yahoo.com','female'),(417,417,'Adrain','Mayer','1989-12-19 17:18:35','Berry6@gmail.com','male'),(418,418,'Destin','Pagac','1945-12-30 17:18:35','Karli_Borer@yahoo.com','female'),(419,419,'Cassandre','Murphy','1981-12-21 17:18:35','Vida_Abshire@hotmail.com','female'),(420,420,'Dale','Kerluke','1997-12-17 17:18:35','Nina26@hotmail.com','male'),(421,421,'Shaniya','Block','1972-12-23 17:18:35','Felipe.Champlin57@hotmail.com','female'),(422,422,'Forrest','Kovacek','1958-12-27 17:18:35','Victor_Kertzmann82@gmail.com','female'),(423,423,'Chloe','Klocko','1998-12-17 17:18:35','Boris_Orn@gmail.com','female'),(424,424,'Name','Gerhold','1971-12-24 17:18:35','Imani_Hessel@gmail.com','male'),(425,425,'Filomena','Willms','2002-12-16 17:18:36','Jaqueline_Murphy@yahoo.com','female'),(426,426,'Stone','Braun','1995-12-18 17:18:36','Vanessa.Bogan@gmail.com','female'),(427,427,'Marilyne','Purdy','1965-12-25 17:18:36','Russel_Wiza81@yahoo.com','female'),(428,428,'Marjolaine','Walker','1966-12-25 17:18:36','Zion48@yahoo.com','female'),(429,429,'Queen','Waelchi','2019-12-12 17:18:36','Mitchel_Bergnaum@gmail.com','male'),(430,430,'Jeffery','Runte','1952-12-28 17:18:36','Maci_Boyer76@yahoo.com','male'),(431,431,'Toni','Gutkowski','1991-12-19 17:18:37','Emile.Ruecker96@hotmail.com','male'),(432,432,'Eve','Nader','1998-12-17 17:18:37','Jaylon_Wolff@gmail.com','female'),(433,433,'Abbie','Hintz','1990-12-19 17:18:37','Keira10@gmail.com','male'),(434,434,'Wilfrid','Fadel','1942-12-31 17:18:37','Chanelle76@hotmail.com','male'),(435,435,'Brian','Rosenbaum','2008-12-14 17:18:37','Nelda.Stanton97@hotmail.com','female'),(436,436,'Linwood','O\'Kon','1963-12-26 17:18:37','Marcus53@gmail.com','female'),(437,437,'Myrtle','Kozey','1997-12-17 17:18:38','Haleigh.Lemke2@yahoo.com','female'),(438,438,'Jaida','Walter','2001-12-16 17:18:38','Pinkie.Schoen@hotmail.com','male'),(439,439,'Stephen','Tremblay','1979-12-22 17:18:38','Georgette.Emmerich75@hotmail.com','male'),(440,440,'Josiane','Willms','1982-12-21 17:18:38','Brendon26@hotmail.com','female'),(441,441,'Cooper','Anderson','1959-12-27 17:18:38','Magdalen.Klein@gmail.com','male'),(442,442,'Karley','Kassulke','1983-12-21 17:18:39','Ramon.Rolfson19@yahoo.com','male'),(443,443,'Dorcas','Effertz','2008-12-14 17:18:39','Dwight.Weissnat12@yahoo.com','male'),(444,444,'Dallas','Heaney','1953-12-28 17:18:39','Katherine49@hotmail.com','male'),(445,445,'Irma','Emmerich','1998-12-17 17:18:39','Paul.Jaskolski@yahoo.com','female'),(446,446,'Daphne','Rogahn','2017-12-12 17:18:39','Herta.Kovacek87@gmail.com','female'),(447,447,'Eugene','Beer','1997-12-17 17:18:39','Landen2@hotmail.com','male'),(448,448,'Arely','Fadel','2002-12-16 17:18:40','Deja.Pouros21@hotmail.com','female'),(449,449,'Hulda','Mayer','1972-12-23 17:18:40','Maryjane37@gmail.com','male'),(450,450,'Belle','Kutch','1990-12-19 17:18:40','Tierra9@yahoo.com','female'),(451,451,'Samara','Homenick','1973-12-23 17:18:40','Myrtie50@hotmail.com','male'),(452,452,'Nola','Johnson','2017-12-12 17:18:40','Arlo71@hotmail.com','female'),(453,453,'Abe','Anderson','2012-12-13 17:18:40','Camren_Mueller75@hotmail.com','female'),(454,454,'Gloria','Smitham','2002-12-16 17:18:41','Queen_Schaden@gmail.com','male'),(455,455,'Anya','Lesch','1975-12-23 17:18:41','Zita_Gerhold68@yahoo.com','male'),(456,456,'Carmine','Walsh','2006-12-15 17:18:41','Coty62@hotmail.com','male'),(457,457,'Kianna','Schoen','1959-12-27 17:18:41','Lulu28@yahoo.com','male'),(458,458,'Josh','Kuhlman','1999-12-17 17:18:41','Dwight.Morar@yahoo.com','female'),(459,459,'Jessyca','Grant','1983-12-21 17:18:42','Joaquin14@yahoo.com','male'),(460,460,'Katarina','Frami','2018-12-12 17:18:42','Itzel.Schroeder@hotmail.com','female'),(461,461,'Larry','Zieme','1999-12-17 17:18:42','Harmon.Schowalter6@yahoo.com','male'),(462,462,'Amelie','Runolfsdottir','1993-12-18 17:18:42','Helena.McClure93@gmail.com','male'),(463,463,'Lyric','Kerluke','1986-12-20 17:18:42','Carroll_Terry@gmail.com','female'),(464,464,'Mozelle','Koss','1951-12-29 17:18:42','Murphy_Medhurst@hotmail.com','male'),(465,465,'Morgan','Littel','2001-12-16 17:18:43','Wilmer.Cormier67@gmail.com','female'),(466,466,'Thomas','Cummerata','1966-12-25 17:18:43','Mina.Lind@hotmail.com','female'),(467,467,'Rodolfo','Rutherford','1984-12-20 17:18:43','Billie_Mohr@yahoo.com','male'),(468,468,'Jannie','Bernhard','1952-12-28 17:18:43','Lina_Boehm@gmail.com','female'),(469,469,'Ewell','Collins','2005-12-15 17:18:43','Gus.Armstrong8@yahoo.com','female'),(470,470,'Abagail','Monahan','1986-12-20 17:18:44','Theron.Lesch45@yahoo.com','male'),(471,471,'Zella','Okuneva','1946-12-30 17:18:44','Robin66@yahoo.com','male'),(472,472,'Allie','Rutherford','1993-12-18 17:18:44','Malika_Watsica@yahoo.com','male'),(473,473,'Kian','Connelly','2005-12-15 17:18:44','Michael71@gmail.com','female'),(474,474,'Jason','Dibbert','1969-12-24 17:18:44','Sammie24@hotmail.com','male'),(475,475,'Elliott','Heaney','2013-12-13 17:18:44','Leonor10@hotmail.com','male'),(476,476,'Brittany','Hintz','1972-12-23 17:18:45','Anais19@hotmail.com','female'),(477,477,'Luis','Witting','1958-12-27 17:18:45','Ferne_Goldner@gmail.com','male'),(478,478,'Haven','Connelly','1993-12-18 17:18:45','Dannie90@gmail.com','female'),(479,479,'Justina','Johnson','1981-12-21 17:18:45','Etha62@hotmail.com','male'),(480,480,'Enrico','Swift','1958-12-27 17:18:45','Flossie.Schroeder@gmail.com','male'),(481,481,'Erika','Terry','1971-12-24 17:18:45','Nikko.Swift53@gmail.com','female'),(482,482,'Dorothea','Kuphal','1958-12-27 17:18:45','Verona_Sauer@yahoo.com','male'),(483,483,'Mariela','Torphy','2018-12-12 17:18:46','Kasandra.Kovacek53@gmail.com','male'),(484,484,'Mavis','Jast','1980-12-21 17:18:46','Nettie67@gmail.com','male'),(485,485,'Ethan','Crooks','2013-12-13 17:18:46','Alfreda_Kuhic27@yahoo.com','male'),(486,486,'Romaine','Murphy','1982-12-21 17:18:46','Alvera.Toy@hotmail.com','male'),(487,487,'Shea','Beahan','1944-12-30 17:18:46','Lucas23@yahoo.com','female'),(488,488,'Jaylon','Pollich','1953-12-28 17:18:46','Tyrel.Ritchie12@hotmail.com','male'),(489,489,'Bobbie','Steuber','2002-12-16 17:18:47','Ozella_Mayer50@yahoo.com','male'),(490,490,'Braeden','Dicki','1999-12-17 17:18:47','Sylvester.Dickinson95@gmail.com','male'),(491,491,'Marquise','Braun','1960-12-26 17:18:47','Jeanette62@yahoo.com','female'),(492,492,'Macey','Emard','1985-12-20 17:18:47','Viola28@yahoo.com','female'),(493,493,'Liliana','Gerlach','1958-12-27 17:18:47','Alfonzo25@gmail.com','male'),(494,494,'Clyde','Schumm','1997-12-17 17:18:47','Cecil_DAmore@yahoo.com','female'),(495,495,'Erik','Beier','1980-12-21 17:18:48','Lorena.Skiles@yahoo.com','male'),(496,496,'Buck','Sporer','1969-12-24 17:18:48','Bridgette_Wisoky51@hotmail.com','male'),(497,497,'Lottie','Connelly','2005-12-15 17:18:48','Dorothy_McLaughlin11@hotmail.com','female'),(498,498,'Robert','Ebert','2012-12-13 17:18:48','Brigitte.Pacocha@gmail.com','male'),(499,499,'Neoma','Abbott','1980-12-21 17:18:48','Lonny46@gmail.com','female'),(500,500,'Cordie','Flatley','2000-12-16 17:18:48','Deshawn_King96@hotmail.com','male'),(501,501,'Lelah','Johns','1943-12-31 17:18:49','Luciano.Prosacco@yahoo.com','female'),(502,502,'Darion','Kreiger','2004-12-15 17:18:49','Laurel51@gmail.com','male'),(503,503,'Genoveva','Ziemann','2001-12-16 17:18:49','Libby.Schumm@hotmail.com','female'),(504,504,'Hortense','Hagenes','1950-12-29 17:18:49','Roberta.Olson67@yahoo.com','female'),(505,505,'Darrin','Hessel','1984-12-20 17:18:49','Bernita.Ebert@hotmail.com','male'),(506,506,'Dianna','Strosin','1997-12-17 17:18:49','Janae_Nolan14@gmail.com','male'),(507,507,'Haleigh','Ratke','2020-12-11 17:18:50','Claudia98@hotmail.com','female'),(508,508,'Eduardo','Okuneva','1948-12-29 17:18:50','Randi83@yahoo.com','male'),(509,509,'Pearline','Howe','1964-12-25 17:18:50','Lowell53@gmail.com','male'),(510,510,'Dillan','Dicki','2015-12-13 17:18:50','Jessie.Watsica@yahoo.com','female'),(511,511,'Lonie','Ritchie','2001-12-16 17:18:50','Berta4@yahoo.com','male'),(512,512,'Roosevelt','Watsica','1984-12-20 17:18:51','Wyman29@yahoo.com','female'),(513,513,'Zelda','Emmerich','1944-12-30 17:18:51','Jarrett.Ortiz@yahoo.com','male'),(514,514,'Derick','Jones','2004-12-15 17:18:51','Nadia_Pagac40@hotmail.com','male'),(515,515,'Afton','MacGyver','1961-12-26 17:18:51','Dane.Von38@hotmail.com','male'),(516,516,'Golden','Labadie','2007-12-15 17:18:51','Fred9@hotmail.com','male'),(517,517,'Jeanne','Weissnat','1977-12-22 17:18:51','Albina36@gmail.com','male'),(518,518,'Jacynthe','Littel','1994-12-18 17:18:52','Murray58@hotmail.com','male'),(519,519,'Friedrich','Lang','2004-12-15 17:18:52','Cali_Bradtke@hotmail.com','male'),(520,520,'Rowena','Beatty','1982-12-21 17:18:52','Kelsie.McGlynn41@gmail.com','male'),(521,521,'Tamia','Jenkins','1989-12-19 17:18:52','Cathrine_Schulist18@yahoo.com','female'),(522,522,'Ari','Howe','1962-12-26 17:18:52','Candida31@gmail.com','female'),(523,523,'Dagmar','Bradtke','1991-12-19 17:18:53','Rosella_Graham43@gmail.com','female'),(524,524,'Magdalen','Jones','1961-12-26 17:18:53','Lessie87@yahoo.com','male'),(525,525,'Ava','Klocko','1990-12-19 17:18:53','Dameon.Green@yahoo.com','female'),(526,526,'Margaretta','Ernser','1969-12-24 17:18:53','Nia_Farrell@hotmail.com','female'),(527,527,'Clara','Prohaska','1965-12-25 17:18:53','Otilia14@hotmail.com','female'),(528,528,'Drew','Reilly','2000-12-16 17:18:53','Rocky42@hotmail.com','male'),(529,529,'Hershel','Swift','1967-12-25 17:18:54','Aliza.Leffler80@hotmail.com','female'),(530,530,'Fritz','O\'Keefe','2005-12-15 17:18:54','Elva_Hodkiewicz@gmail.com','female'),(531,531,'Keyon','Conroy','2002-12-16 17:18:54','Carmine5@hotmail.com','female'),(532,532,'Angelica','Upton','1978-12-22 17:18:54','Ines_Morar@hotmail.com','male'),(533,533,'Francesca','Wolf','2009-12-14 17:18:54','Jonatan.Volkman58@yahoo.com','female'),(534,534,'Neha','Nolan','1988-12-19 17:18:54','Elian_Haag58@gmail.com','female'),(535,535,'Esteban','Auer','2005-12-15 17:18:54','Vernon.Cremin72@yahoo.com','female'),(536,536,'Velva','Hudson','1969-12-24 17:18:55','Guy_Schoen6@gmail.com','female'),(537,537,'Burnice','Ruecker','1953-12-28 17:18:55','Tommie13@yahoo.com','male'),(538,538,'Josefina','Rempel','1945-12-30 17:18:55','Angel.Dickinson44@yahoo.com','male'),(539,539,'Amalia','Will','1954-12-28 17:18:55','Christiana.Ernser2@gmail.com','female'),(540,540,'Otho','Emard','1989-12-19 17:18:55','Glen.Cummings@gmail.com','female'),(541,541,'Lilla','Rempel','1958-12-27 17:18:55','Chadrick_Wilkinson70@yahoo.com','female'),(542,542,'Candida','King','1972-12-23 17:18:55','Meaghan_Hane69@yahoo.com','male'),(543,543,'Nicole','Ebert','2000-12-16 17:18:55','Myron58@gmail.com','female'),(544,544,'Rosie','Hansen','1975-12-23 17:18:55','Hollis_Rempel6@hotmail.com','female'),(545,545,'Lambert','Stark','2005-12-15 17:18:56','Nikki.Luettgen38@yahoo.com','male'),(546,546,'Gunner','Schmitt','2018-12-12 17:18:56','Jedidiah_Thiel22@hotmail.com','male'),(547,547,'Kelton','Hyatt','1982-12-21 17:18:56','Edythe_Feil@yahoo.com','male'),(548,548,'Laurianne','Watsica','1961-12-26 17:18:56','Jacynthe_Ruecker96@gmail.com','female'),(549,549,'Vladimir','Heathcote','1997-12-17 17:18:56','Lorenz26@hotmail.com','female'),(550,550,'Breanna','Kiehn','2016-12-12 17:18:56','Ignatius_Aufderhar16@hotmail.com','female'),(551,551,'Mateo','Pagac','1974-12-23 17:18:56','Lane.Barton62@hotmail.com','female'),(552,552,'Gilda','Steuber','1972-12-23 17:18:56','Joel69@gmail.com','male'),(553,553,'Margarette','Glover','1978-12-22 17:18:57','Haleigh64@yahoo.com','male'),(554,554,'Sean','Rodriguez','1997-12-17 17:18:57','Cecilia_Frami66@yahoo.com','female'),(555,555,'Ford','Kihn','2000-12-16 17:18:57','Mckayla95@hotmail.com','male'),(556,556,'Buddy','Powlowski','1953-12-28 17:18:57','Edna.Rath@yahoo.com','female'),(557,557,'Vicenta','Fritsch','2013-12-13 17:18:57','Cody_Legros1@gmail.com','male'),(558,558,'Angelica','Waelchi','1983-12-21 17:18:58','Esteban70@hotmail.com','female'),(559,559,'Bryce','Quitzon','2019-12-12 17:18:58','Jodie.Kilback@yahoo.com','male'),(560,560,'Randy','Schoen','2017-12-12 17:18:58','Cora_Ullrich44@yahoo.com','male'),(561,561,'Woodrow','Marks','1959-12-27 17:18:58','Kelli74@hotmail.com','male'),(562,562,'Leilani','Jacobs','1941-12-31 17:18:58','Rachelle95@hotmail.com','male'),(563,563,'Estelle','Tillman','1963-12-26 17:18:58','Benny59@gmail.com','female'),(564,564,'Jean','Feest','1980-12-21 17:18:59','Claude85@yahoo.com','female'),(565,565,'Eunice','Lang','1983-12-21 17:18:59','Brisa_Schiller70@hotmail.com','male'),(566,566,'Elian','O\'Conner','1971-12-24 17:18:59','Dorthy68@yahoo.com','male'),(567,567,'Santiago','Stroman','1958-12-27 17:18:59','Rosina.Nikolaus53@hotmail.com','female'),(568,568,'Davon','Dach','1967-12-25 17:18:59','Bennie_Pollich62@hotmail.com','male'),(569,569,'Buddy','Altenwerth','2018-12-12 17:18:59','Troy_Schultz@gmail.com','female'),(570,570,'Deron','Heidenreich','1961-12-26 17:19:00','Abdul_Hills3@yahoo.com','female'),(571,571,'Victoria','Stanton','1966-12-25 17:19:00','Cornell_Homenick96@yahoo.com','female'),(572,572,'Darren','Towne','1966-12-25 17:19:00','Magali61@gmail.com','male'),(573,573,'Vilma','Kassulke','1985-12-20 17:19:00','Araceli_Thompson@hotmail.com','male'),(574,574,'Ima','Donnelly','2004-12-15 17:19:00','Aurelio_Stokes28@gmail.com','male'),(575,575,'Alexandro','Bode','1967-12-25 17:19:01','Devonte0@yahoo.com','female'),(576,576,'Johathan','Maggio','1982-12-21 17:19:01','Arlie78@hotmail.com','female'),(577,577,'Sofia','Schiller','1948-12-29 17:19:01','Elisha56@gmail.com','male'),(578,578,'Leilani','Brekke','1991-12-19 17:19:01','Sigurd94@gmail.com','female'),(579,579,'Madison','Dicki','2005-12-15 17:19:01','Megane92@hotmail.com','female'),(580,580,'Jared','Ward','1953-12-28 17:19:01','Samir10@gmail.com','female'),(581,581,'Haylie','Ernser','1970-12-24 17:19:02','Colleen_Willms@yahoo.com','male'),(582,582,'Jairo','Ratke','1950-12-29 17:19:02','Anika.Champlin45@hotmail.com','male'),(583,583,'Maegan','Marvin','2016-12-12 17:19:02','Kaitlyn58@hotmail.com','male'),(584,584,'Dillon','Bernier','1985-12-20 17:19:02','Craig.Abernathy53@gmail.com','male'),(585,585,'Ruth','Beier','1954-12-28 17:19:02','Zack_Renner@yahoo.com','male'),(586,586,'Soledad','Carter','1978-12-22 17:19:02','Remington_Erdman@yahoo.com','female'),(587,587,'Adrienne','Hand','2001-12-16 17:19:03','Kaitlin91@hotmail.com','female'),(588,588,'Garrick','Mertz','1991-12-19 17:19:03','Joy.Hoppe87@gmail.com','male'),(589,589,'Doyle','Buckridge','2000-12-16 17:19:03','Hoyt_Streich@yahoo.com','male'),(590,590,'Rene','Ullrich','1974-12-23 17:19:03','Lawson_Gusikowski65@yahoo.com','male'),(591,591,'Jonathan','Monahan','1985-12-20 17:19:03','Ruth79@hotmail.com','female'),(592,592,'Genevieve','Thiel','1970-12-24 17:19:04','Elton76@yahoo.com','male'),(593,593,'Addison','Windler','1984-12-20 17:19:04','Doris52@hotmail.com','female'),(594,594,'Stan','Cummerata','1948-12-29 17:19:04','Lily30@gmail.com','female'),(595,595,'Melyssa','Kuhic','1976-12-22 17:19:04','Georgiana_Gleason12@gmail.com','female'),(596,596,'Emelia','Crist','2013-12-13 17:19:04','Angela_Goyette@hotmail.com','male'),(597,597,'Gregory','Hamill','1976-12-22 17:19:04','Nellie.Dach47@gmail.com','female'),(598,598,'Ena','Schiller','1973-12-23 17:19:05','Ross88@gmail.com','female'),(599,599,'Jacques','Fadel','1960-12-26 17:19:05','Preston30@gmail.com','male'),(600,600,'Peggie','Bergstrom','2003-12-16 17:19:05','Trace.Kreiger66@hotmail.com','male'),(601,601,'Gabrielle','Schimmel','1988-12-19 17:19:05','Jefferey.Marvin@gmail.com','male'),(602,602,'Aaliyah','Marquardt','1980-12-21 17:19:05','Ashlynn_Labadie@hotmail.com','female'),(603,603,'Bell','Murray','2013-12-13 17:19:05','Sherwood.Klein74@gmail.com','male'),(604,604,'Graciela','Rolfson','1976-12-22 17:19:06','Jettie.Harvey81@hotmail.com','female'),(605,605,'Rubye','Okuneva','2013-12-13 17:19:06','Lily_Parisian20@yahoo.com','female'),(606,606,'Rocio','Kris','1976-12-22 17:19:06','Chyna72@hotmail.com','female'),(607,607,'Felicita','Ryan','1972-12-23 17:19:06','Jayne.Sauer@yahoo.com','male'),(608,608,'Hudson','Brown','1976-12-22 17:19:06','Hollie.King26@gmail.com','male'),(609,609,'Maynard','Rempel','1963-12-26 17:19:06','Dock_Lakin@hotmail.com','male'),(610,610,'Jamar','Grady','1976-12-22 17:19:06','Odessa50@hotmail.com','male'),(611,611,'Irwin','Hartmann','1996-12-17 17:19:06','Evan.Beahan26@yahoo.com','female'),(612,612,'Jayden','Christiansen','1999-12-17 17:19:06','Ryder.Upton@gmail.com','female'),(613,613,'Koby','Satterfield','1960-12-26 17:19:07','Kaelyn.Wolf@yahoo.com','male'),(614,614,'Alexie','Johnson','1978-12-22 17:19:07','Kathryn_Leffler7@hotmail.com','male'),(615,615,'Nellie','Gusikowski','2016-12-12 17:19:07','Lucio.Beatty@hotmail.com','female'),(616,616,'Ariel','Morar','1987-12-20 17:19:07','Celestine.Pagac45@yahoo.com','male'),(617,617,'Vicenta','Cummerata','2010-12-14 17:19:07','Elisha87@hotmail.com','male'),(618,618,'Theron','Wuckert','1962-12-26 17:19:07','Salvatore_Konopelski56@hotmail.com','male'),(619,619,'Nathen','Quigley','1969-12-24 17:19:07','Tyra_Lynch10@hotmail.com','female'),(620,620,'Stone','Crist','1981-12-21 17:19:08','Rashawn.Emmerich3@yahoo.com','female'),(621,621,'Amely','Lockman','2000-12-16 17:19:08','Stefanie12@yahoo.com','male'),(622,622,'Maci','Hoeger','2020-12-11 17:19:08','Zelma.Kuphal@gmail.com','male'),(623,623,'Eloise','Prohaska','2020-12-11 17:19:08','Jany_Lakin@hotmail.com','female'),(624,624,'Kelly','Conroy','2020-12-11 17:19:08','Ben_Berge18@hotmail.com','male'),(625,625,'Haylee','Collins','1947-12-30 17:19:08','Kaylee34@gmail.com','female'),(626,626,'Lavon','Kub','1972-12-23 17:19:09','Renee.Kub67@gmail.com','male'),(627,627,'Kamryn','Dietrich','2005-12-15 17:19:09','Aleen.Lockman@gmail.com','male'),(628,628,'Delaney','Kovacek','1993-12-18 17:19:09','Bernhard20@hotmail.com','female'),(629,629,'Helen','Huel','1946-12-30 17:19:09','Claude.Olson@gmail.com','female'),(630,630,'Erwin','Kulas','1965-12-25 17:19:09','Ebony.Kerluke97@yahoo.com','male'),(631,631,'Ben','Leuschke','1958-12-27 17:19:09','Angel_Gottlieb13@gmail.com','female'),(632,632,'Adan','Kohler','2002-12-16 17:19:10','Westley18@gmail.com','male'),(633,633,'Dovie','McLaughlin','1990-12-19 17:19:10','Jocelyn_Sanford47@hotmail.com','male'),(634,634,'Tamia','Green','1998-12-17 17:19:10','Lela_Sauer@gmail.com','female'),(635,635,'Izaiah','Smitham','1980-12-21 17:19:10','Christy_Hermiston@gmail.com','female'),(636,636,'Hiram','Bernier','1967-12-25 17:19:10','Chandler34@yahoo.com','female'),(637,637,'Markus','Christiansen','1985-12-20 17:19:10','Evert_Schmidt@hotmail.com','female'),(638,638,'Catherine','Lindgren','1960-12-26 17:19:11','Alfredo.Will87@yahoo.com','female'),(639,639,'Lorena','Schowalter','1984-12-20 17:19:11','Ashlynn.OKeefe52@gmail.com','female'),(640,640,'Willie','Batz','1972-12-23 17:19:11','Gabriel_Ondricka@hotmail.com','female'),(641,641,'Alba','Schmidt','1986-12-20 17:19:11','Alaina.Keeling25@yahoo.com','female'),(642,642,'Mekhi','Morar','1971-12-24 17:19:11','Regan_Moore67@hotmail.com','female'),(643,643,'Bailey','Daugherty','1978-12-22 17:19:11','Jarret.Stiedemann@yahoo.com','male'),(644,644,'Joelle','Emmerich','1983-12-21 17:19:12','Vivienne50@gmail.com','male'),(645,645,'Jonathon','Kuhn','1943-12-31 17:19:12','Dion.Heaney@hotmail.com','male'),(646,646,'Gerson','Rutherford','1980-12-21 17:19:12','Carolanne2@gmail.com','female'),(647,647,'Mozell','Feest','1995-12-18 17:19:12','Jessica.Padberg@hotmail.com','male'),(648,648,'Rosella','Price','1993-12-18 17:19:12','Corine89@hotmail.com','male'),(649,649,'Felicia','Paucek','2014-12-13 17:19:13','Milo.Schaefer@yahoo.com','male'),(650,650,'Karelle','DuBuque','2017-12-12 17:19:13','Gunnar.Kuvalis79@yahoo.com','female'),(651,651,'Abdul','Brakus','1942-12-31 17:19:13','Nyasia38@gmail.com','male'),(652,652,'Jarret','Torp','1999-12-17 17:19:13','Emilio.Hackett54@gmail.com','female'),(653,653,'Alfreda','Schaefer','2008-12-14 17:19:13','Ana10@yahoo.com','female'),(654,654,'Vivian','Pfeffer','1990-12-19 17:19:13','Anabel.Runte23@yahoo.com','male'),(655,655,'Talon','Carter','1954-12-28 17:19:14','Christiana42@gmail.com','female'),(656,656,'Ross','Glover','2014-12-13 17:19:14','Darion_Graham37@hotmail.com','male'),(657,657,'Kianna','Lang','1991-12-19 17:19:14','Cullen74@hotmail.com','female'),(658,658,'Kali','Lind','1990-12-19 17:19:14','Dejon.Altenwerth@gmail.com','female'),(659,659,'Keshawn','Schinner','1962-12-26 17:19:14','Blanche_Boehm42@hotmail.com','female'),(660,660,'Jarret','Volkman','1990-12-19 17:19:14','Keagan.Kerluke95@hotmail.com','female'),(661,661,'Milo','Paucek','1947-12-30 17:19:15','Beryl9@yahoo.com','male'),(662,662,'Lois','Hermiston','2008-12-14 17:19:15','Aletha.Fay@hotmail.com','male'),(663,663,'Hettie','VonRueden','2004-12-15 17:19:15','Kaya63@gmail.com','female'),(664,664,'Jamel','Jacobson','1960-12-26 17:19:15','Ulises_Lebsack@gmail.com','female'),(665,665,'Marlee','Spinka','1976-12-22 17:19:15','Dolores23@gmail.com','female'),(666,666,'Lisa','Hahn','1993-12-18 17:19:16','Theodore80@hotmail.com','male'),(667,667,'Xzavier','Welch','1951-12-29 17:19:16','Juana_Jones@gmail.com','female'),(668,668,'Vincenza','Torp','1982-12-21 17:19:16','Kathlyn5@gmail.com','female'),(669,669,'Peyton','Zulauf','1985-12-20 17:19:16','Cassandre_Hoeger@hotmail.com','female'),(670,670,'Rozella','Mosciski','1970-12-24 17:19:16','Rachael15@hotmail.com','male'),(671,671,'Eddie','Howe','1950-12-29 17:19:16','Daphne.Bergnaum37@gmail.com','female'),(672,672,'Jacinthe','Veum','1962-12-26 17:19:16','Camryn_Boyer@gmail.com','male'),(673,673,'Rita','Rosenbaum','1986-12-20 17:19:16','Johan74@hotmail.com','female'),(674,674,'Immanuel','Blanda','2015-12-13 17:19:17','Scarlett.Rath@yahoo.com','female'),(675,675,'Amelie','Steuber','1992-12-18 17:19:17','Merritt.Medhurst@yahoo.com','male'),(676,676,'Gregory','Balistreri','1953-12-28 17:19:17','Mariano_Willms@gmail.com','female'),(677,677,'Yoshiko','Hartmann','2020-12-11 17:19:17','Theo63@hotmail.com','male'),(678,678,'Telly','Crist','2000-12-16 17:19:17','Wilber_Wolff@gmail.com','female'),(679,679,'Nakia','Russel','1997-12-17 17:19:17','Edna.Carter18@gmail.com','male'),(680,680,'Oma','Zemlak','2005-12-15 17:19:17','Lucinda_Quitzon@gmail.com','male'),(681,681,'Irma','Watsica','1983-12-21 17:19:18','Tierra_Johnston@yahoo.com','female'),(682,682,'Reuben','Feeney','1991-12-19 17:19:18','Dave.Boehm@hotmail.com','male'),(683,683,'Annamarie','Marquardt','1970-12-24 17:19:18','Angeline_Rice62@gmail.com','female'),(684,684,'Joaquin','Bernhard','1957-12-27 17:19:18','Deshaun38@yahoo.com','male'),(685,685,'Clotilde','Maggio','1974-12-23 17:19:18','Milo.Waters40@yahoo.com','female'),(686,686,'Kraig','Nolan','2015-12-13 17:19:18','Jaylen.Koch95@hotmail.com','male'),(687,687,'Morton','Franecki','2003-12-16 17:19:18','Brisa_DAmore@yahoo.com','female'),(688,688,'Rosalia','Jast','1948-12-29 17:19:19','Cortez99@gmail.com','male'),(689,689,'Lilliana','Bergnaum','1975-12-23 17:19:19','Emmy99@hotmail.com','male'),(690,690,'Jade','Konopelski','1974-12-23 17:19:19','Ronaldo.Walker41@gmail.com','female'),(691,691,'Retha','Fritsch','1989-12-19 17:19:19','Roma_Tromp7@hotmail.com','female'),(692,692,'Jessy','Murphy','1943-12-31 17:19:19','Verna14@gmail.com','male'),(693,693,'Hillary','Harris','1954-12-28 17:19:19','Molly99@gmail.com','male'),(694,694,'Nayeli','Kub','2016-12-12 17:19:20','Alvah38@gmail.com','female'),(695,695,'Gordon','Bosco','2016-12-12 17:19:20','Vida89@hotmail.com','female'),(696,696,'Alia','Hettinger','1973-12-23 17:19:20','Vernon_Lueilwitz@yahoo.com','male'),(697,697,'Jude','Larkin','1978-12-22 17:19:20','Jarod_Cronin91@yahoo.com','male'),(698,698,'Santa','Jast','1984-12-20 17:19:20','Spencer.Baumbach@yahoo.com','female'),(699,699,'Joanny','Murray','1966-12-25 17:19:20','Tyrese.Bosco61@gmail.com','male'),(700,700,'Columbus','Gutkowski','1951-12-29 17:19:21','Cooper32@gmail.com','female'),(701,701,'Ryder','Ebert','1994-12-18 17:19:21','Hoyt.Waelchi36@gmail.com','male'),(702,702,'Addison','Altenwerth','1985-12-20 17:19:21','Zoie.Schmeler@hotmail.com','male'),(703,703,'Mike','Hettinger','2015-12-13 17:19:21','Bobby_Lemke60@hotmail.com','female'),(704,704,'Karelle','Morissette','2006-12-15 17:19:21','Jimmy.Becker84@gmail.com','male'),(705,705,'Orrin','Sawayn','1952-12-28 17:19:21','Mohammed_Cormier@yahoo.com','female'),(706,706,'Amari','Cormier','1980-12-21 17:19:22','Nico46@gmail.com','male'),(707,707,'Leonel','King','1946-12-30 17:19:22','Darrell_Huels83@hotmail.com','female'),(708,708,'Ned','Casper','1947-12-30 17:19:22','Ruth21@yahoo.com','male'),(709,709,'Kathryne','Glover','1972-12-23 17:19:22','Jacky81@gmail.com','female'),(710,710,'Chadrick','Stanton','1968-12-24 17:19:22','Elnora50@gmail.com','male'),(711,711,'Oswaldo','Koss','1957-12-27 17:19:23','Akeem23@yahoo.com','female'),(712,712,'Davion','Kuhic','1988-12-19 17:19:23','Adrianna.Ziemann@hotmail.com','male'),(713,713,'Sherwood','Huel','1957-12-27 17:19:23','Joannie43@hotmail.com','female'),(714,714,'Kristian','Miller','1971-12-24 17:19:23','Dennis.Renner@hotmail.com','female'),(715,715,'Kareem','Torphy','1967-12-25 17:19:23','Reta.Cassin@yahoo.com','male'),(716,716,'Gussie','Jones','1965-12-25 17:19:23','Krista_Mraz@yahoo.com','female'),(717,717,'Monte','Borer','1951-12-29 17:19:24','Cora_Ward41@yahoo.com','male'),(718,718,'Jeffry','Bogisich','1948-12-29 17:19:24','Tanner.Leffler45@gmail.com','male'),(719,719,'Raven','Romaguera','2013-12-13 17:19:24','Rose48@yahoo.com','male'),(720,720,'Elwyn','Roob','1995-12-18 17:19:24','Filomena18@hotmail.com','male'),(721,721,'August','Little','1977-12-22 17:19:24','Ramiro61@hotmail.com','male'),(722,722,'Dee','Huels','1987-12-20 17:19:24','Jamie_Collier64@hotmail.com','male'),(723,723,'Orion','Muller','1975-12-23 17:19:25','Omari.Abshire@hotmail.com','male'),(724,724,'Brisa','Abbott','1983-12-21 17:19:25','Niko.Rau27@yahoo.com','female'),(725,725,'Verner','Stanton','1950-12-29 17:19:25','Julius.Fadel16@gmail.com','male'),(726,726,'Shyann','Balistreri','1942-12-31 17:19:25','Reanna74@hotmail.com','male'),(727,727,'Mckayla','Littel','1976-12-22 17:19:25','Aurelie.Howe90@hotmail.com','female'),(728,728,'Joanie','Kovacek','1988-12-19 17:19:26','Baby.Breitenberg5@yahoo.com','male'),(729,729,'Ebony','Leffler','1969-12-24 17:19:26','Lavada_Beatty@gmail.com','male'),(730,730,'Beulah','Pfeffer','2002-12-16 17:19:26','Ken42@gmail.com','female'),(731,731,'Norbert','Schaden','1962-12-26 17:19:26','Candelario19@hotmail.com','male'),(732,732,'Bonnie','Schneider','1970-12-24 17:19:26','Valentine_Von28@hotmail.com','male'),(733,733,'Nikki','Bartell','1952-12-28 17:19:26','Destinee.Hickle37@gmail.com','male'),(734,734,'Flo','Heidenreich','1960-12-26 17:19:27','Marjolaine.Kovacek58@gmail.com','male'),(735,735,'Rhiannon','Bednar','1949-12-29 17:19:27','Katrina.Gislason@yahoo.com','male'),(736,736,'Dagmar','Gislason','1966-12-25 17:19:27','Abbie.Feest@yahoo.com','male'),(737,737,'Erica','Waters','1971-12-24 17:19:27','Gayle_DuBuque88@gmail.com','female'),(738,738,'Kennith','Hamill','1962-12-26 17:19:27','Violette_Nitzsche2@gmail.com','male'),(739,739,'Wilber','Wyman','1996-12-17 17:19:27','Lynn_McKenzie48@gmail.com','male'),(740,740,'Aida','Christiansen','1967-12-25 17:19:27','Shad79@gmail.com','female'),(741,741,'Florencio','Lind','1999-12-17 17:19:28','Jamel.Renner97@yahoo.com','female'),(742,742,'Kyle','Waters','1995-12-18 17:19:28','Alf_Rutherford87@yahoo.com','female'),(743,743,'Maymie','Roberts','1974-12-23 17:19:28','Lilla.Gutkowski66@yahoo.com','male'),(744,744,'Jerel','Stehr','2005-12-15 17:19:28','Malinda_Hermiston70@gmail.com','male'),(745,745,'Vladimir','Feeney','1982-12-21 17:19:28','Emelie_Nader19@gmail.com','female'),(746,746,'Hillard','Labadie','2015-12-13 17:19:28','Reba.Kuphal71@hotmail.com','male'),(747,747,'Althea','Jast','1953-12-28 17:19:28','Janick_Bins12@hotmail.com','female'),(748,748,'Maximus','Vandervort','2017-12-12 17:19:28','Dale.Doyle@hotmail.com','female'),(749,749,'Derek','Haag','1974-12-23 17:19:29','Abdullah_Lakin72@yahoo.com','female'),(750,750,'Zackery','Kling','1971-12-24 17:19:29','Kailyn.Pouros84@gmail.com','female'),(751,751,'Maryam','Towne','1974-12-23 17:19:29','Mariane_Carter72@yahoo.com','male'),(752,752,'Wilma','Mayer','1950-12-29 17:19:29','Emmet.Hudson@hotmail.com','male'),(753,753,'Estelle','Herman','2005-12-15 17:19:29','Ava5@gmail.com','female'),(754,754,'Amy','Parker','1943-12-31 17:19:29','Carolyn.Daugherty82@gmail.com','female'),(755,755,'Vivienne','Price','1955-12-28 17:19:30','Foster.Schoen10@hotmail.com','male'),(756,756,'Berenice','Douglas','1958-12-27 17:19:30','Erica15@yahoo.com','male'),(757,757,'Giles','Collier','2015-12-13 17:19:30','Imelda.Strosin@gmail.com','female'),(758,758,'Tyrell','Crooks','1963-12-26 17:19:30','Mercedes_Bashirian@gmail.com','male'),(759,759,'Jada','Bayer','1960-12-26 17:19:30','Jakob.Langosh98@yahoo.com','male'),(760,760,'Adele','Brekke','1993-12-18 17:19:30','Dewayne_Crooks91@yahoo.com','female'),(761,761,'Willy','Armstrong','1951-12-29 17:19:31','Norval63@gmail.com','male'),(762,762,'Cheyenne','Zemlak','1982-12-21 17:19:31','Mckayla71@gmail.com','male'),(763,763,'Frida','Veum','2014-12-13 17:19:31','Connor_Bashirian22@hotmail.com','male'),(764,764,'Anita','Olson','2013-12-13 17:19:31','Raymundo86@yahoo.com','female'),(765,765,'Jordi','Larson','1988-12-19 17:19:31','Elmore_Gibson23@yahoo.com','male'),(766,766,'Hannah','Mraz','1995-12-18 17:19:31','Evan26@hotmail.com','male'),(767,767,'Tate','Bauch','1998-12-17 17:19:32','Naomie_McLaughlin93@gmail.com','male'),(768,768,'Demetrius','O\'Connell','1984-12-20 17:19:32','Beaulah.Gulgowski@hotmail.com','female'),(769,769,'Albina','Runolfsson','1978-12-22 17:19:32','Willis3@gmail.com','female'),(770,770,'Elroy','Mosciski','2005-12-15 17:19:32','Icie86@yahoo.com','male'),(771,771,'Stanton','Kirlin','1983-12-21 17:19:32','Kole72@hotmail.com','female'),(772,772,'Emery','Frami','1949-12-29 17:19:33','Erling_Homenick@yahoo.com','female'),(773,773,'Davion','Jacobs','1997-12-17 17:19:33','Ike.Jaskolski@gmail.com','male'),(774,774,'Patrick','Rau','1958-12-27 17:19:33','Arlene_Reinger@yahoo.com','male'),(775,775,'Tommie','Altenwerth','1954-12-28 17:19:33','William17@yahoo.com','female'),(776,776,'Carley','Muller','1993-12-18 17:19:33','Willy_Veum@gmail.com','female'),(777,777,'Yesenia','Leuschke','2019-12-12 17:19:33','Bernard_Schultz75@gmail.com','male'),(778,778,'America','Crooks','2012-12-13 17:19:34','Marcelino_Dickinson35@yahoo.com','male'),(779,779,'Ludie','Homenick','1957-12-27 17:19:34','Shakira_Gorczany40@gmail.com','male'),(780,780,'Renee','Simonis','2008-12-14 17:19:34','Ila87@yahoo.com','female'),(781,781,'Lottie','Walker','1992-12-18 17:19:34','Destinee.Marquardt@hotmail.com','male'),(782,782,'Rickie','Weber','1993-12-18 17:19:34','Houston_Cummerata31@gmail.com','female'),(783,783,'Louie','Casper','1955-12-28 17:19:35','Charlie.Jast@yahoo.com','male'),(784,784,'Bo','Dooley','1997-12-17 17:19:35','Jaydon.Klein@gmail.com','male'),(785,785,'Jerome','Windler','1998-12-17 17:19:35','Sean17@hotmail.com','female'),(786,786,'Marjolaine','Reichert','1985-12-20 17:19:35','Earnest.Watsica@gmail.com','female'),(787,787,'Brenda','Sauer','1956-12-27 17:19:35','Marlon.Murphy64@gmail.com','male'),(788,788,'Jerald','Funk','1972-12-23 17:19:35','Bryce.King59@gmail.com','male'),(789,789,'Jena','Satterfield','2017-12-12 17:19:36','Derick24@yahoo.com','male'),(790,790,'Jakob','Carroll','1968-12-24 17:19:36','Else_Waelchi@hotmail.com','female'),(791,791,'Taurean','Anderson','1942-12-31 17:19:36','Yasmin.Abbott74@hotmail.com','female'),(792,792,'Cierra','Dach','2009-12-14 17:19:36','Ernestine66@gmail.com','male'),(793,793,'Reta','Stracke','1985-12-20 17:19:36','Burnice58@yahoo.com','male'),(794,794,'Johathan','Lang','1951-12-29 17:19:36','Concepcion_Hegmann@gmail.com','male'),(795,795,'Noelia','Bergstrom','2016-12-12 17:19:37','Anibal_Lesch78@hotmail.com','male'),(796,796,'Jo','Schneider','1946-12-30 17:19:37','Vincenzo48@yahoo.com','male'),(797,797,'Karianne','Klein','1962-12-26 17:19:37','Meda_Marvin@hotmail.com','male'),(798,798,'Meggie','Flatley','1973-12-23 17:19:37','Faustino_Graham@yahoo.com','female'),(799,799,'Lance','Corwin','1954-12-28 17:19:37','Allan_Wiegand@gmail.com','female'),(800,800,'Wallace','Fahey','2020-12-11 17:19:37','Giovanny_OConner@yahoo.com','female'),(801,801,'Annamae','Gottlieb','1969-12-24 17:19:38','Karelle_Muller48@hotmail.com','male'),(802,802,'Jadon','Leuschke','1991-12-19 17:19:38','Ines.Turner66@hotmail.com','male'),(803,803,'Liza','Abshire','1979-12-22 17:19:38','Linda_Monahan57@yahoo.com','female'),(804,804,'Reagan','Kemmer','2020-12-11 17:19:38','Frederic_Bode87@yahoo.com','female'),(805,805,'Akeem','Quigley','1968-12-24 17:19:38','Joanny.Bayer@gmail.com','male'),(806,806,'Robbie','Will','1985-12-20 17:19:38','Erna49@hotmail.com','male'),(807,807,'Christ','Hyatt','1958-12-27 17:19:38','Eleanora.Franecki@gmail.com','male'),(808,808,'Eulah','Batz','1966-12-25 17:19:38','Lane18@yahoo.com','male'),(809,809,'Evie','Denesik','1974-12-23 17:19:39','Lowell44@yahoo.com','female'),(810,810,'Chaim','Braun','1968-12-24 17:19:39','Samanta.Kilback@hotmail.com','male'),(811,811,'Loma','Trantow','1959-12-27 17:19:39','Kaia_Hartmann@hotmail.com','female'),(812,812,'Destiny','Nikolaus','1958-12-27 17:19:39','Gilda.Hammes@gmail.com','female'),(813,813,'Clyde','Cartwright','1977-12-22 17:19:39','Pascale.Schamberger@yahoo.com','male'),(814,814,'Montana','Larkin','2016-12-12 17:19:39','Perry_Schimmel@gmail.com','female'),(815,815,'Frederique','Hills','1957-12-27 17:19:39','Magali49@hotmail.com','female'),(816,816,'Rocio','Marquardt','1946-12-30 17:19:39','Gavin.Jakubowski15@gmail.com','male'),(817,817,'Lottie','Morar','1943-12-31 17:19:40','Oran21@gmail.com','female'),(818,818,'Karianne','Christiansen','1992-12-18 17:19:40','Madalyn_Boehm49@gmail.com','male'),(819,819,'Elinor','Streich','1982-12-21 17:19:40','Kacie_Barrows5@yahoo.com','male'),(820,820,'Maybelle','Mayert','2018-12-12 17:19:40','Millie42@gmail.com','male'),(821,821,'Felton','Goodwin','1976-12-22 17:19:40','Jazmyn_Aufderhar@gmail.com','female'),(822,822,'Guy','Hartmann','2004-12-15 17:19:40','Hollie.Flatley@yahoo.com','male'),(823,823,'Amara','Beier','1985-12-20 17:19:40','Rosalia61@gmail.com','female'),(824,824,'Ines','Beatty','1982-12-21 17:19:40','Ewell.Kshlerin67@gmail.com','female'),(825,825,'Jadon','Lubowitz','2005-12-15 17:19:41','Addison_Quigley@hotmail.com','female'),(826,826,'Joanne','Willms','1995-12-18 17:19:41','Kathlyn87@hotmail.com','male'),(827,827,'Veda','Hansen','1985-12-20 17:19:41','Cullen_Blick9@hotmail.com','female'),(828,828,'Alfreda','O\'Connell','2000-12-16 17:19:41','Lonie_Beier15@gmail.com','female'),(829,829,'Addie','Kreiger','2013-12-13 17:19:41','Haylie.Glover@hotmail.com','female'),(830,830,'Crystal','Sauer','1941-12-31 17:19:42','Sasha_Schimmel@yahoo.com','female'),(831,831,'Peggie','Toy','1985-12-20 17:19:42','Jaqueline52@gmail.com','male'),(832,832,'Lilian','Wolf','1983-12-21 17:19:42','Edmond_Rosenbaum26@yahoo.com','male'),(833,833,'Rhoda','Weber','1995-12-18 17:19:42','Nick_Kling51@yahoo.com','male'),(834,834,'Vena','O\'Conner','1988-12-19 17:19:42','Pearl_Mante@gmail.com','male'),(835,835,'Sean','Moore','1991-12-19 17:19:42','Meredith.Dare@hotmail.com','male'),(836,836,'Delta','Heller','1960-12-26 17:19:43','Ron_Koepp@gmail.com','female'),(837,837,'Faustino','Corwin','1977-12-22 17:19:43','Shyanne67@yahoo.com','female'),(838,838,'Dustin','Stiedemann','1983-12-21 17:19:43','Raoul.Swift@gmail.com','female'),(839,839,'Stewart','Wilkinson','1966-12-25 17:19:43','Micheal.Grant69@gmail.com','male'),(840,840,'Violet','Fisher','1993-12-18 17:19:43','Alvena.Blanda@yahoo.com','female'),(841,841,'Kaia','Heidenreich','1993-12-18 17:19:43','Nella_Feest@yahoo.com','female'),(842,842,'Candelario','Goodwin','2004-12-15 17:19:44','Justine.Emmerich@hotmail.com','female'),(843,843,'Ardella','Connelly','2004-12-15 17:19:44','Jairo_Kulas@gmail.com','female'),(844,844,'Domingo','Carter','2009-12-14 17:19:44','Jacinthe.Nitzsche77@hotmail.com','male'),(845,845,'Wiley','Botsford','2008-12-14 17:19:44','Ewald_West44@gmail.com','male'),(846,846,'Marguerite','Renner','1971-12-24 17:19:44','Daren75@gmail.com','female'),(847,847,'Damon','Turcotte','1979-12-22 17:19:44','Laurence_Rice46@yahoo.com','female'),(848,848,'Carlee','Cronin','2000-12-16 17:19:45','Tremayne_Bode29@gmail.com','male'),(849,849,'Katelyn','Ratke','1975-12-23 17:19:45','Elaina65@yahoo.com','female'),(850,850,'Rene','Emard','1952-12-28 17:19:45','Sammie23@yahoo.com','female'),(851,851,'Clementina','Stamm','1977-12-22 17:19:45','Bert81@yahoo.com','male'),(852,852,'Ari','Murray','1954-12-28 17:19:46','Brent42@gmail.com','male'),(853,853,'Susanna','Graham','2000-12-16 17:19:46','Turner_VonRueden@yahoo.com','female'),(854,854,'Ruben','Fay','1957-12-27 17:19:46','Wiley_DAmore71@gmail.com','female'),(855,855,'Jared','Beatty','1945-12-30 17:19:46','Boris.Erdman@hotmail.com','male'),(856,856,'Joannie','Windler','1964-12-25 17:19:46','Antonia_Franecki54@hotmail.com','female'),(857,857,'Reta','Marks','1957-12-27 17:19:47','Fiona56@yahoo.com','male'),(858,858,'Alfred','Pagac','2008-12-14 17:19:47','Hobart51@hotmail.com','female'),(859,859,'Pearline','Murray','1985-12-20 17:19:47','Bud.Johnson@yahoo.com','female'),(860,860,'Sedrick','Homenick','1968-12-24 17:19:47','Darren26@hotmail.com','female'),(861,861,'Darlene','Osinski','1973-12-23 17:19:47','Nathanael.Tromp3@hotmail.com','female'),(862,862,'Blair','Cronin','1950-12-29 17:19:47','Jeanette.OKon@hotmail.com','female'),(863,863,'Clinton','Stracke','1998-12-17 17:19:48','Vincenzo_Ondricka30@gmail.com','female'),(864,864,'Alexys','Lubowitz','2006-12-15 17:19:48','Estefania.Dooley13@hotmail.com','male'),(865,865,'Annie','Brown','2008-12-14 17:19:48','Tania40@yahoo.com','female'),(866,866,'Catharine','Waelchi','1980-12-21 17:19:48','Efrain.Lockman@yahoo.com','female'),(867,867,'Trinity','Jacobson','1958-12-27 17:19:48','Jade28@hotmail.com','female'),(868,868,'Charles','Miller','1944-12-30 17:19:49','Hazel_Johns83@yahoo.com','female'),(869,869,'Ernestine','Hansen','1943-12-31 17:19:49','Nasir_Schultz@yahoo.com','male'),(870,870,'Colin','Schaefer','2009-12-14 17:19:49','Hazel.Langosh@gmail.com','female'),(871,871,'Finn','Gottlieb','1952-12-28 17:19:49','Amelia_Lang71@yahoo.com','male'),(872,872,'Morgan','Hagenes','1957-12-27 17:19:49','Walton35@gmail.com','female'),(873,873,'Marley','Beatty','2017-12-12 17:19:49','Milo.Raynor@gmail.com','male'),(874,874,'Paolo','Borer','2014-12-13 17:19:49','Donna.Leffler72@gmail.com','female'),(875,875,'Florine','Kunze','1960-12-26 17:19:49','Terry40@yahoo.com','female'),(876,876,'Neoma','Rippin','2017-12-12 17:19:50','Felix_Williamson@gmail.com','male'),(877,877,'Vada','Bechtelar','1956-12-27 17:19:50','Kitty92@yahoo.com','male'),(878,878,'Talia','Feest','1973-12-23 17:19:50','Katrine_Homenick@yahoo.com','female'),(879,879,'Gwendolyn','Hayes','1995-12-18 17:19:50','Amira14@gmail.com','female'),(880,880,'Richmond','Dicki','1945-12-30 17:19:50','Lauretta_Schneider@yahoo.com','female'),(881,881,'Millie','Hoeger','2001-12-16 17:19:50','Cecile_Kunde84@yahoo.com','male'),(882,882,'Darian','Dickens','2014-12-13 17:19:50','Louie_Conroy@yahoo.com','female'),(883,883,'Estelle','Wolff','1970-12-24 17:19:50','Keara60@hotmail.com','male'),(884,884,'Malcolm','Daugherty','1948-12-29 17:19:51','Camila.Johnson10@yahoo.com','male'),(885,885,'Henderson','Mayert','1945-12-30 17:19:51','Annie_Kub72@gmail.com','male'),(886,886,'Margaret','Zieme','2005-12-15 17:19:51','Lexi.Wolff15@gmail.com','male'),(887,887,'Alek','Waters','2009-12-14 17:19:51','Jewel_Denesik@gmail.com','female'),(888,888,'Marc','Marquardt','2018-12-12 17:19:51','Mohammad40@yahoo.com','male'),(889,889,'Alysson','Muller','1980-12-21 17:19:51','Dorothy.Williamson11@yahoo.com','female'),(890,890,'Alvera','Bogisich','2020-12-11 17:19:51','Diego79@gmail.com','female'),(891,891,'Enola','Ferry','1980-12-21 17:19:51','Jaylon49@gmail.com','female'),(892,892,'Antonetta','Crooks','1986-12-20 17:19:51','Charity_Dickinson@yahoo.com','male'),(893,893,'Charity','Rice','2002-12-16 17:19:52','Eunice89@gmail.com','female'),(894,894,'Jane','Hammes','2011-12-14 17:19:52','Casandra44@hotmail.com','female'),(895,895,'Amy','Baumbach','2012-12-13 17:19:52','Eloisa.Dooley2@yahoo.com','male'),(896,896,'Wallace','Dietrich','1956-12-27 17:19:52','Jonatan_Nolan@hotmail.com','male'),(897,897,'Hilario','Graham','1970-12-24 17:19:52','Jeanette_Mitchell@yahoo.com','male'),(898,898,'Katlynn','Lind','1969-12-24 17:19:53','Kayley.Gottlieb@yahoo.com','male'),(899,899,'Domingo','Marvin','1949-12-29 17:19:53','Jayda_Mitchell76@gmail.com','female'),(900,900,'Markus','Mitchell','2000-12-16 17:19:53','Yvette91@yahoo.com','male'),(901,901,'Estefania','Strosin','1979-12-22 17:19:53','Jeramie74@yahoo.com','female'),(902,902,'Crystel','Hauck','1984-12-20 17:19:53','Theodore84@hotmail.com','male'),(903,903,'Brendon','Shanahan','1957-12-27 17:19:53','Estell_Hackett@hotmail.com','male'),(904,904,'Emmy','Thiel','1980-12-21 17:19:54','Kameron68@yahoo.com','male'),(905,905,'Frank','Torphy','2015-12-13 17:19:54','Mossie84@yahoo.com','female'),(906,906,'Kara','McLaughlin','1964-12-25 17:19:54','Eino_Hoppe3@yahoo.com','female'),(907,907,'Boris','Leannon','1985-12-20 17:19:54','Harmony.Wunsch@yahoo.com','female'),(908,908,'Dolly','O\'Kon','1946-12-30 17:19:54','Emie.Volkman@yahoo.com','male'),(909,909,'Edna','Marquardt','2015-12-13 17:19:55','George49@hotmail.com','male'),(910,910,'Ana','Murphy','1944-12-30 17:19:55','Madaline.Braun@yahoo.com','male'),(911,911,'Cara','Langworth','2016-12-12 17:19:55','Ena.Schaden34@yahoo.com','female'),(912,912,'Kendrick','Wintheiser','1974-12-23 17:19:55','Wade58@yahoo.com','female'),(913,913,'Fritz','Halvorson','1983-12-21 17:19:55','Elijah_Zieme40@yahoo.com','female'),(914,914,'Rosalia','Frami','1948-12-29 17:19:55','Luther_Harber@gmail.com','female'),(915,915,'Randall','Kerluke','1981-12-21 17:19:56','Tyrel14@hotmail.com','female'),(916,916,'Paige','O\'Connell','1981-12-21 17:19:56','Sienna.Ward91@hotmail.com','male'),(917,917,'Rubye','Christiansen','2012-12-13 17:19:56','Brice_Turner91@gmail.com','male'),(918,918,'Alexandrea','DuBuque','1955-12-28 17:19:56','Aidan6@hotmail.com','female'),(919,919,'Kaylin','Huel','1954-12-28 17:19:56','Clifton_Larkin@yahoo.com','male'),(920,920,'Owen','Hirthe','1994-12-18 17:19:57','Fletcher48@yahoo.com','female'),(921,921,'William','Emard','2000-12-16 17:19:57','Maegan_Ruecker@hotmail.com','male'),(922,922,'Lavada','Mosciski','1976-12-22 17:19:57','Shana.Bins@yahoo.com','female'),(923,923,'Myrl','Mayer','2013-12-13 17:19:57','Brisa.Stark56@yahoo.com','female'),(924,924,'Kadin','Wunsch','2001-12-16 17:19:57','Delaney48@hotmail.com','female'),(925,925,'Brett','Nicolas','1986-12-20 17:19:57','Wilmer_Ebert50@yahoo.com','male'),(926,926,'Shaylee','Hane','1976-12-22 17:19:58','Alessandro97@hotmail.com','female'),(927,927,'Elza','Daniel','1962-12-26 17:19:58','Leo.Buckridge@gmail.com','male'),(928,928,'Jacques','Parisian','1965-12-25 17:19:58','Samantha_Bailey@gmail.com','female'),(929,929,'Jules','Bogisich','1966-12-25 17:19:58','Kali.Wyman96@gmail.com','female'),(930,930,'Omari','Rutherford','1963-12-26 17:19:58','Vincenza77@gmail.com','male'),(931,931,'Rex','Upton','1948-12-29 17:19:58','Laurie_DuBuque4@hotmail.com','male'),(932,932,'Rey','Berge','1985-12-20 17:19:59','Adonis_Rath@gmail.com','female'),(933,933,'Rowan','Stamm','1987-12-20 17:19:59','Mariano.Schuster85@gmail.com','female'),(934,934,'Woodrow','Anderson','2011-12-14 17:19:59','Dedrick53@gmail.com','male'),(935,935,'Lurline','Hodkiewicz','2007-12-15 17:19:59','Jena30@hotmail.com','male'),(936,936,'Carmella','Kuhlman','1983-12-21 17:19:59','Marguerite.Bashirian@hotmail.com','female'),(937,937,'Murl','Dicki','2010-12-14 17:19:59','Clint.Marvin@gmail.com','female'),(938,938,'Anastasia','Tromp','1983-12-21 17:20:00','Jules_Cummings@gmail.com','male'),(939,939,'Omari','Reichel','1949-12-29 17:20:00','Gilda.Kuphal9@yahoo.com','female'),(940,940,'Buford','Altenwerth','1946-12-30 17:20:00','Laurence_Klocko@yahoo.com','male'),(941,941,'Joelle','McDermott','2007-12-15 17:20:00','Pete11@gmail.com','female'),(942,942,'Scot','Tillman','1975-12-23 17:20:01','Cedrick_Keeling@yahoo.com','male'),(943,943,'Lorine','Strosin','2017-12-12 17:20:01','Godfrey.Monahan65@hotmail.com','female'),(944,944,'Deron','Abernathy','1993-12-18 17:20:01','Marques.Berge81@yahoo.com','female'),(945,945,'Haskell','Strosin','1957-12-27 17:20:01','Delaney_Satterfield85@gmail.com','female'),(946,946,'Johnpaul','Kub','1946-12-30 17:20:01','Juston_Williamson@gmail.com','male'),(947,947,'Elmore','Windler','1952-12-28 17:20:01','Lawrence_Jast@yahoo.com','female'),(948,948,'Harmon','Kerluke','1942-12-31 17:20:01','Rupert.Doyle@gmail.com','male'),(949,949,'Freida','Shields','1945-12-30 17:20:02','Kevin78@hotmail.com','male'),(950,950,'Bryana','Becker','2014-12-13 17:20:02','Roselyn_Jerde@yahoo.com','male'),(951,951,'Dejon','Gerlach','1978-12-22 17:20:02','Josianne.Smith@gmail.com','male'),(952,952,'Clare','Goyette','1977-12-22 17:20:02','Taylor8@hotmail.com','female'),(953,953,'Emmanuelle','Abshire','2012-12-13 17:20:02','Jadon.DAmore89@yahoo.com','female'),(954,954,'Torey','Nolan','1959-12-27 17:20:02','Retha_Osinski83@yahoo.com','female'),(955,955,'Maximus','Hilpert','1970-12-24 17:20:03','Norwood_Abbott@yahoo.com','male'),(956,956,'Abe','Jaskolski','1988-12-19 17:20:03','Crystal67@yahoo.com','female'),(957,957,'Althea','Murray','2012-12-13 17:20:03','Pinkie19@yahoo.com','male'),(958,958,'Jonathon','Dooley','2003-12-16 17:20:03','Lucie_Sporer23@gmail.com','female'),(959,959,'Larry','Sanford','1983-12-21 17:20:03','Kurtis.Nolan@yahoo.com','male'),(960,960,'Enoch','Grady','1966-12-25 17:20:04','Damian_Kohler90@yahoo.com','male'),(961,961,'Scot','Brekke','2012-12-13 17:20:04','Vicente.Mitchell50@yahoo.com','male'),(962,962,'Jake','Schneider','1989-12-19 17:20:04','Ervin.Collier31@yahoo.com','female'),(963,963,'Junius','Wintheiser','1954-12-28 17:20:04','Daphney.Steuber57@yahoo.com','female'),(964,964,'Jesus','Hilll','2005-12-15 17:20:04','Watson_Treutel@gmail.com','female'),(965,965,'Elfrieda','Rolfson','2002-12-16 17:20:04','Virgil.Auer@gmail.com','female'),(966,966,'Viviane','Yost','1993-12-18 17:20:05','Rusty.Macejkovic@gmail.com','male'),(967,967,'Faustino','Hills','2014-12-13 17:20:05','Dora64@hotmail.com','male'),(968,968,'Maggie','Conn','1963-12-26 17:20:05','Kendra_Bins95@hotmail.com','female'),(969,969,'Desmond','Langosh','2012-12-13 17:20:05','Trevor_Mann0@gmail.com','female'),(970,970,'Jillian','Gaylord','1995-12-18 17:20:05','Kolby_Mills4@gmail.com','female'),(971,971,'Glen','Zieme','1988-12-19 17:20:06','Ellis.Stehr@hotmail.com','female'),(972,972,'Treva','Becker','2007-12-15 17:20:06','Lexus60@yahoo.com','female'),(973,973,'Gage','Flatley','1968-12-24 17:20:06','Dahlia_Yost35@gmail.com','female'),(974,974,'Lyric','Gorczany','1999-12-17 17:20:06','Adele86@gmail.com','male'),(975,975,'Vilma','Runolfsson','1950-12-29 17:20:06','Cleora_Douglas@hotmail.com','female'),(976,976,'Richie','Grimes','1962-12-26 17:20:06','Arnulfo.Hills@yahoo.com','male'),(977,977,'Enoch','Mayer','2005-12-15 17:20:07','Lloyd_Hartmann15@yahoo.com','female'),(978,978,'Madisyn','Mante','1958-12-27 17:20:07','Lola3@hotmail.com','female'),(979,979,'Cathrine','DuBuque','1987-12-20 17:20:07','Eleanore_Prohaska@gmail.com','female'),(980,980,'Sierra','Graham','1981-12-21 17:20:07','Kody_Kessler23@gmail.com','female'),(981,981,'Blanche','Hamill','2002-12-16 17:20:07','Sarah4@hotmail.com','male'),(982,982,'Olin','Hyatt','1993-12-18 17:20:07','Lyla.Bogan@yahoo.com','male'),(983,983,'Everardo','Kutch','1959-12-27 17:20:08','Ken51@hotmail.com','female'),(984,984,'Tierra','Pfannerstill','1971-12-24 17:20:08','Rupert_Gaylord68@gmail.com','female'),(985,985,'Christ','Keebler','2018-12-12 17:20:08','Arthur28@gmail.com','male'),(986,986,'Wilfrid','Bashirian','2011-12-14 17:20:08','Heather_Aufderhar53@yahoo.com','male'),(987,987,'Danika','Weber','1997-12-17 17:20:08','Edmund35@hotmail.com','male'),(988,988,'Jaiden','Quitzon','1964-12-25 17:20:09','Clifton13@gmail.com','male'),(989,989,'Arlo','Pouros','1956-12-27 17:20:09','Triston.Sipes54@yahoo.com','female'),(990,990,'Verdie','Gusikowski','1971-12-24 17:20:09','Ethyl.Zulauf@yahoo.com','female'),(991,991,'Kaci','Reichel','1971-12-24 17:20:09','Whitney_Witting3@gmail.com','female'),(992,992,'Keenan','Braun','1984-12-20 17:20:09','Melba.Lemke@gmail.com','female'),(993,993,'Viva','Friesen','1980-12-21 17:20:09','Jaylin.Berge@gmail.com','male'),(994,994,'Eloisa','Bahringer','1988-12-19 17:20:10','Hermina47@yahoo.com','female'),(995,995,'Doyle','Ratke','1998-12-17 17:20:10','Jany44@gmail.com','male'),(996,996,'Aglae','Ritchie','1992-12-18 17:20:10','Leta.Beahan@yahoo.com','male'),(997,997,'Wava','Kemmer','1972-12-23 17:20:10','Kirk.Beer@hotmail.com','male'),(998,998,'Sydnee','Roob','1989-12-19 17:20:10','Alva.Daugherty@yahoo.com','female'),(999,999,'Lauryn','Abernathy','2001-12-16 17:20:10','Neva_Hoppe32@yahoo.com','male'),(1000,1000,'Helga','Collins','1999-12-17 17:20:11','Eleonore_Walter@yahoo.com','male');
/*!40000 ALTER TABLE `Citizens` ENABLE KEYS */;
UNLOCK TABLES;

--
-- Table structure for table `Districts`
--

DROP TABLE IF EXISTS `Districts`;
/*!40101 SET @saved_cs_client     = @@character_set_client */;
/*!50503 SET character_set_client = utf8mb4 */;
CREATE TABLE `Districts` (
  `id` int NOT NULL AUTO_INCREMENT,
  `name` varchar(255) NOT NULL,
  PRIMARY KEY (`id`)
) ENGINE=InnoDB AUTO_INCREMENT=6 DEFAULT CHARSET=utf8mb4 COLLATE=utf8mb4_0900_ai_ci;
/*!40101 SET character_set_client = @saved_cs_client */;

--
-- Dumping data for table `Districts`
--

LOCK TABLES `Districts` WRITE;
/*!40000 ALTER TABLE `Districts` DISABLE KEYS */;
INSERT INTO `Districts` VALUES (1,'Yerevan'),(2,'Ararat'),(3,'Armavir'),(4,'Kotayq'),(5,'Shirak');
/*!40000 ALTER TABLE `Districts` ENABLE KEYS */;
UNLOCK TABLES;

--
-- Table structure for table `Elections`
--

DROP TABLE IF EXISTS `Elections`;
/*!40101 SET @saved_cs_client     = @@character_set_client */;
/*!50503 SET character_set_client = utf8mb4 */;
CREATE TABLE `Elections` (
  `id` int NOT NULL AUTO_INCREMENT,
  `date` datetime NOT NULL,
  PRIMARY KEY (`id`),
  UNIQUE KEY `date` (`date`)
) ENGINE=InnoDB AUTO_INCREMENT=2 DEFAULT CHARSET=utf8mb4 COLLATE=utf8mb4_0900_ai_ci;
/*!40101 SET character_set_client = @saved_cs_client */;

--
-- Dumping data for table `Elections`
--

LOCK TABLES `Elections` WRITE;
/*!40000 ALTER TABLE `Elections` DISABLE KEYS */;
INSERT INTO `Elections` VALUES (1,'2021-12-31 19:48:11');
/*!40000 ALTER TABLE `Elections` ENABLE KEYS */;
UNLOCK TABLES;

--
-- Table structure for table `Observers`
--

DROP TABLE IF EXISTS `Observers`;
/*!40101 SET @saved_cs_client     = @@character_set_client */;
/*!50503 SET character_set_client = utf8mb4 */;
CREATE TABLE `Observers` (
  `id` int NOT NULL AUTO_INCREMENT,
  `citizenId` int NOT NULL,
  `pollingStationId` int DEFAULT NULL,
  `electionId` int NOT NULL,
  PRIMARY KEY (`id`,`citizenId`,`electionId`),
  UNIQUE KEY `Observer_unique` (`citizenId`,`electionId`),
  KEY `pollingStationId` (`pollingStationId`),
  KEY `electionId` (`electionId`),
  CONSTRAINT `Observers_ibfk_1` FOREIGN KEY (`citizenId`) REFERENCES `Citizens` (`id`),
  CONSTRAINT `Observers_ibfk_2` FOREIGN KEY (`pollingStationId`) REFERENCES `PollingStations` (`id`),
  CONSTRAINT `Observers_ibfk_3` FOREIGN KEY (`electionId`) REFERENCES `Elections` (`id`)
) ENGINE=InnoDB AUTO_INCREMENT=19 DEFAULT CHARSET=utf8mb4 COLLATE=utf8mb4_0900_ai_ci;
/*!40101 SET character_set_client = @saved_cs_client */;

--
-- Dumping data for table `Observers`
--

LOCK TABLES `Observers` WRITE;
/*!40000 ALTER TABLE `Observers` DISABLE KEYS */;
INSERT INTO `Observers` VALUES (1,426,1,1),(12,13,1,1),(4,3,2,1),(10,925,2,1),(5,184,3,1),(13,527,3,1),(3,271,4,1),(14,403,4,1),(2,160,5,1),(11,733,5,1),(6,486,6,1),(15,515,6,1),(8,169,7,1),(18,145,7,1),(9,503,8,1),(17,479,8,1),(7,333,9,1),(16,55,9,1);
/*!40000 ALTER TABLE `Observers` ENABLE KEYS */;
UNLOCK TABLES;

--
-- Table structure for table `Parties`
--

DROP TABLE IF EXISTS `Parties`;
/*!40101 SET @saved_cs_client     = @@character_set_client */;
/*!50503 SET character_set_client = utf8mb4 */;
CREATE TABLE `Parties` (
  `id` int NOT NULL AUTO_INCREMENT,
  `name` varchar(255) NOT NULL,
  `slogan` varchar(255) DEFAULT NULL,
  PRIMARY KEY (`id`),
  UNIQUE KEY `name` (`name`)
) ENGINE=InnoDB AUTO_INCREMENT=4 DEFAULT CHARSET=utf8mb4 COLLATE=utf8mb4_0900_ai_ci;
/*!40101 SET character_set_client = @saved_cs_client */;

--
-- Dumping data for table `Parties`
--

LOCK TABLES `Parties` WRITE;
/*!40000 ALTER TABLE `Parties` DISABLE KEYS */;
INSERT INTO `Parties` VALUES (1,'Pativ Unem','Tempora quos deleniti explicabo fugiat odit.'),(2,'Hayastan','Maiores eveniet qui libero sit odio ducimus.'),(3,'QP','Nihil a ab dolor eos ea et enim dignissimos.');
/*!40000 ALTER TABLE `Parties` ENABLE KEYS */;
UNLOCK TABLES;

--
-- Table structure for table `PartyAddresses`
--

DROP TABLE IF EXISTS `PartyAddresses`;
/*!40101 SET @saved_cs_client     = @@character_set_client */;
/*!50503 SET character_set_client = utf8mb4 */;
CREATE TABLE `PartyAddresses` (
  `partyId` int NOT NULL,
  `addressId` int DEFAULT NULL,
  PRIMARY KEY (`partyId`),
  KEY `addressId` (`addressId`),
  CONSTRAINT `PartyAddresses_ibfk_1` FOREIGN KEY (`partyId`) REFERENCES `Parties` (`id`),
  CONSTRAINT `PartyAddresses_ibfk_2` FOREIGN KEY (`addressId`) REFERENCES `Addresses` (`id`)
) ENGINE=InnoDB DEFAULT CHARSET=utf8mb4 COLLATE=utf8mb4_0900_ai_ci;
/*!40101 SET character_set_client = @saved_cs_client */;

--
-- Dumping data for table `PartyAddresses`
--

LOCK TABLES `PartyAddresses` WRITE;
/*!40000 ALTER TABLE `PartyAddresses` DISABLE KEYS */;
INSERT INTO `PartyAddresses` VALUES (1,1),(3,2),(2,3);
/*!40000 ALTER TABLE `PartyAddresses` ENABLE KEYS */;
UNLOCK TABLES;

--
-- Table structure for table `Phones`
--

DROP TABLE IF EXISTS `Phones`;
/*!40101 SET @saved_cs_client     = @@character_set_client */;
/*!50503 SET character_set_client = utf8mb4 */;
CREATE TABLE `Phones` (
  `id` int NOT NULL AUTO_INCREMENT,
  `citizenId` int DEFAULT NULL,
  `number` varchar(255) DEFAULT NULL,
  PRIMARY KEY (`id`),
  KEY `citizenId` (`citizenId`),
  KEY `phone_number` (`number`),
  CONSTRAINT `Phones_ibfk_1` FOREIGN KEY (`citizenId`) REFERENCES `Citizens` (`id`)
) ENGINE=InnoDB AUTO_INCREMENT=501 DEFAULT CHARSET=utf8mb4 COLLATE=utf8mb4_0900_ai_ci;
/*!40101 SET character_set_client = @saved_cs_client */;

--
-- Dumping data for table `Phones`
--

LOCK TABLES `Phones` WRITE;
/*!40000 ALTER TABLE `Phones` DISABLE KEYS */;
INSERT INTO `Phones` VALUES (1,394,'572-700-0540 x471'),(2,776,'(872) 947-3218'),(3,211,'816-211-6495 x5978'),(4,660,'242-502-0907 x6384'),(5,874,'1-283-347-8442 x096'),(6,565,'346-681-1298 x728'),(7,791,'760-258-7386'),(8,650,'(489) 216-1430 x06627'),(9,575,'788-617-8105 x647'),(10,831,'807-608-2520'),(11,915,'1-377-703-5658 x671'),(12,738,'304.236.5413 x40021'),(13,553,'(307) 630-7123 x714'),(14,545,'209-275-5550'),(15,837,'(214) 206-4129'),(16,401,'304.768.3514 x293'),(17,128,'825.826.5345'),(18,376,'405-530-3826 x688'),(19,492,'1-675-287-2508 x194'),(20,17,'1-327-471-5932 x7920'),(21,498,'(826) 905-4955 x30295'),(22,891,'368-834-7782 x025'),(23,670,'1-923-661-1317 x431'),(24,254,'223-243-3599 x425'),(25,407,'308.877.4623'),(26,444,'863.988.2717 x02048'),(27,79,'976.391.6461 x0889'),(28,773,'606.424.8572'),(29,21,'267.991.8980 x8747'),(30,132,'(247) 839-4940'),(31,651,'643.420.8007 x00355'),(32,46,'251.593.0227 x9502'),(33,298,'(244) 403-7114'),(34,800,'(919) 498-3948'),(35,289,'754-424-7318 x994'),(36,95,'503-325-6753'),(37,139,'1-457-612-5733 x496'),(38,525,'(418) 525-6652'),(39,489,'498-300-4057'),(40,788,'(453) 938-5753 x8661'),(41,785,'1-765-963-8287'),(42,312,'468-221-2240 x55730'),(43,940,'725.453.1253'),(44,288,'(972) 414-0559 x1545'),(45,436,'409.960.1087 x86115'),(46,40,'907.841.9761'),(47,466,'728.783.0999'),(48,945,'690-423-6710 x800'),(49,290,'275.781.2114 x649'),(50,771,'(626) 673-0779'),(51,734,'261.419.7737'),(52,624,'720-630-3398 x69493'),(53,74,'(386) 382-1285 x6615'),(54,718,'1-712-269-2335'),(55,196,'710.833.7735'),(56,313,'701.677.9227'),(57,437,'554.281.0840 x73466'),(58,469,'541-201-4528 x773'),(59,816,'1-284-621-2489 x53222'),(60,867,'833.472.8668 x7697'),(61,780,'214.834.7782'),(62,708,'(896) 604-9773'),(63,930,'665-517-5643 x49971'),(64,189,'1-943-343-6620'),(65,393,'1-329-643-3982 x1442'),(66,992,'(426) 734-1718 x9442'),(67,253,'796.305.7379 x007'),(68,96,'1-305-828-0138 x76822'),(69,53,'202.464.7318 x5126'),(70,841,'(736) 623-4659'),(71,790,'720-794-7398'),(72,839,'(221) 323-5407 x2430'),(73,34,'613-951-7453 x80759'),(74,573,'(510) 208-6455 x284'),(75,375,'1-762-231-4994 x217'),(76,126,'899.918.5522 x18403'),(77,283,'(381) 309-6236'),(78,932,'(444) 701-9240 x9810'),(79,984,'744.413.3298 x0917'),(80,786,'(823) 970-5086 x509'),(81,580,'918-279-8519 x22191'),(82,515,'1-264-459-4766 x0917'),(83,713,'(802) 382-5409 x8438'),(84,65,'(939) 451-7924 x1838'),(85,737,'1-200-847-9231 x10465'),(86,429,'(745) 259-2508 x082'),(87,508,'521-537-4205 x54767'),(88,744,'567.916.7199 x15117'),(89,980,'1-652-934-0517 x283'),(90,9,'226-977-4514 x415'),(91,511,'901-440-9252 x639'),(92,725,'(999) 806-7417'),(93,91,'1-650-374-2820 x944'),(94,696,'906.535.1662 x083'),(95,640,'696-435-3127 x5646'),(96,622,'(505) 638-1843 x624'),(97,118,'1-588-393-5805 x6083'),(98,953,'822.873.6233 x06903'),(99,477,'978.643.2424'),(100,232,'406.582.4816'),(101,740,'457-327-6089 x8133'),(102,392,'(774) 258-0142 x5582'),(103,183,'475-896-0868'),(104,116,'(342) 486-3654'),(105,459,'597.343.6560 x217'),(106,589,'873-876-8051 x92902'),(107,493,'995.515.0718'),(108,39,'1-889-459-8864 x768'),(109,626,'(277) 825-3805 x777'),(110,944,'468.782.1563 x36897'),(111,775,'894-829-5131'),(112,557,'901-971-2403'),(113,374,'(565) 928-4288 x1094'),(114,317,'287-482-8664'),(115,595,'330-633-5323'),(116,32,'1-824-516-9977 x68351'),(117,30,'226.296.9862'),(118,617,'1-201-670-7235 x54122'),(119,918,'1-527-959-8216 x11232'),(120,422,'863.918.9833 x760'),(121,849,'670.593.8971 x0020'),(122,204,'(532) 958-2595 x3145'),(123,766,'717-602-4042'),(124,136,'700-600-3789 x967'),(125,369,'(604) 869-6267 x9959'),(126,223,'905-416-8829 x291'),(127,6,'772-965-5099'),(128,3,'743.780.7701 x303'),(129,217,'269.681.2030 x7208'),(130,325,'395-450-4412'),(131,291,'826-311-4429 x477'),(132,652,'268.944.9988'),(133,648,'976-529-9674 x46186'),(134,316,'883-789-3610'),(135,733,'1-266-725-3224'),(136,657,'1-918-833-9928'),(137,603,'749-788-2475 x38486'),(138,474,'229-312-2745 x93449'),(139,736,'743-818-2404 x6197'),(140,472,'(371) 793-1097'),(141,82,'659.762.1655 x43735'),(142,576,'281-738-5752 x67985'),(143,314,'(955) 727-9821 x011'),(144,428,'450.832.3536 x003'),(145,745,'(241) 585-4156 x8034'),(146,449,'1-395-344-6099 x33331'),(147,582,'(742) 920-0500 x272'),(148,803,'215-564-5230'),(149,861,'675.272.3330 x76630'),(150,457,'1-777-550-9821 x17450'),(151,541,'635-222-1578 x995'),(152,645,'(225) 853-4688 x75155'),(153,465,'(964) 828-4728'),(154,391,'(515) 343-0415 x8876'),(155,438,'276-276-1302 x997'),(156,225,'700.255.2201 x643'),(157,646,'(850) 492-7382'),(158,662,'673-767-1931 x13364'),(159,929,'(470) 303-8367'),(160,138,'(468) 519-0734'),(161,666,'1-538-997-3663'),(162,978,'1-517-680-8655 x373'),(163,343,'(465) 618-6737 x53239'),(164,384,'(484) 717-5818 x495'),(165,684,'1-403-308-4896 x351'),(166,373,'(837) 725-3082'),(167,358,'406-234-2107 x1873'),(168,910,'694.847.2266 x5611'),(169,318,'1-973-764-3527'),(170,824,'1-940-460-3946'),(171,8,'1-993-944-0615'),(172,518,'678-335-4998'),(173,949,'(966) 450-5633 x9212'),(174,877,'285.974.6396 x74060'),(175,479,'481-800-9080 x079'),(176,364,'1-464-837-8257 x1732'),(177,936,'850.299.8733 x142'),(178,420,'1-588-996-4720 x7919'),(179,561,'(606) 634-7809 x0680'),(180,366,'(791) 551-6410 x8474'),(181,768,'828.738.2923'),(182,797,'(480) 353-4809 x1611'),(183,830,'566.345.2162 x103'),(184,964,'1-386-548-2072 x99676'),(185,233,'591.389.4674'),(186,644,'1-972-264-2886 x022'),(187,483,'1-537-413-8183'),(188,820,'(512) 384-7461'),(189,594,'947-501-0934 x241'),(190,170,'1-503-426-3963 x523'),(191,63,'864-237-2902 x298'),(192,909,'550-953-8442'),(193,914,'961-999-5902 x742'),(194,241,'1-516-971-1986 x156'),(195,485,'1-916-450-8525'),(196,721,'972.406.9291 x7433'),(197,185,'1-662-727-1554 x87578'),(198,654,'(626) 820-8678 x8480'),(199,97,'631-922-4615'),(200,307,'443-579-8193 x752'),(201,440,'(857) 773-0347'),(202,299,'501.614.3964 x105'),(203,923,'442.420.6393 x56844'),(204,704,'(387) 852-6558'),(205,795,'948.512.7495'),(206,68,'1-415-357-5351 x6375'),(207,921,'1-318-295-6434'),(208,875,'659.221.4092'),(209,89,'(451) 954-6013'),(210,535,'1-652-886-5796 x596'),(211,242,'794-840-9429'),(212,381,'1-414-245-0637'),(213,982,'1-640-888-7237 x905'),(214,340,'(594) 303-6989'),(215,396,'411.799.3775'),(216,115,'1-924-707-9169 x43384'),(217,264,'405.807.4646 x1682'),(218,1000,'439.967.8287 x65368'),(219,504,'264-354-0746'),(220,601,'1-920-309-0352 x16627'),(221,798,'(991) 421-1380 x2797'),(222,856,'569-762-6964 x248'),(223,464,'475.551.5990 x448'),(224,417,'1-784-450-1417 x58485'),(225,862,'1-596-932-1688 x1062'),(226,764,'890-394-0360 x4746'),(227,262,'(345) 525-8069 x6319'),(228,663,'238.826.2447'),(229,529,'981-682-9225'),(230,272,'361.606.7974'),(231,636,'527.998.5003 x337'),(232,998,'965-299-2294'),(233,81,'601.805.9607 x0225'),(234,658,'(708) 349-3491'),(235,108,'1-766-748-4930 x01126'),(236,838,'788.313.8976'),(237,523,'(288) 762-7274 x12419'),(238,135,'909-236-9931 x35416'),(239,911,'898.606.7726 x23187'),(240,274,'415-926-2142 x40370'),(241,448,'1-294-686-1935 x6383'),(242,808,'(595) 237-3452'),(243,70,'(694) 649-0038 x08152'),(244,221,'1-932-367-0432 x5144'),(245,759,'949.495.0095'),(246,105,'1-762-967-5534'),(247,975,'431-266-7584 x01575'),(248,516,'218-877-1671'),(249,251,'1-508-666-0284 x071'),(250,672,'1-545-517-4404 x342'),(251,687,'224.303.0904'),(252,99,'410-566-7198 x579'),(253,127,'583.711.3138'),(254,188,'(721) 777-6716 x887'),(255,872,'550.289.2422'),(256,345,'554.618.2291 x716'),(257,907,'622.776.3586 x14138'),(258,277,'998.743.4989'),(259,583,'983.648.3692'),(260,425,'(946) 204-1209 x3581'),(261,598,'936.993.0530 x185'),(262,787,'316-219-0610 x38587'),(263,991,'1-530-928-0517'),(264,355,'523-480-1124'),(265,476,'1-328-395-7050'),(266,278,'1-987-980-6510 x1271'),(267,57,'201-990-3797 x211'),(268,353,'1-465-878-4068 x815'),(269,750,'(500) 788-4333 x1088'),(270,323,'612-793-4380 x23279'),(271,568,'(420) 751-0528 x2686'),(272,770,'(418) 291-3945 x77152'),(273,359,'1-782-862-5313'),(274,671,'550.281.6452'),(275,896,'221-889-9119 x743'),(276,285,'(782) 412-9758 x69218'),(277,122,'(570) 911-2178 x03254'),(278,827,'(688) 883-1752 x96078'),(279,688,'987-701-7829'),(280,948,'822.931.0940 x155'),(281,453,'979.520.7173 x70372'),(282,386,'719.511.6586 x9343'),(283,555,'(628) 670-5642 x96875'),(284,869,'439-855-8453 x22393'),(285,793,'762.226.3903'),(286,27,'(369) 608-2462 x56923'),(287,760,'(830) 642-1297'),(288,36,'811.365.4923 x256'),(289,690,'211-509-4983 x07702'),(290,309,'(870) 948-8446 x802'),(291,829,'1-320-767-9489'),(292,148,'(282) 397-0873 x63561'),(293,728,'(267) 695-3285 x994'),(294,952,'498.362.0652 x528'),(295,836,'1-312-964-3523 x81979'),(296,868,'897-530-8387 x357'),(297,616,'388-395-5152 x7408'),(298,941,'656.592.1348 x677'),(299,717,'755-239-2935 x822'),(300,588,'702.970.6732 x218'),(301,815,'(723) 624-8663 x084'),(302,973,'402.772.6052 x861'),(303,486,'1-928-978-4082 x086'),(304,52,'(499) 912-8254 x442'),(305,458,'545.859.6530 x849'),(306,473,'(399) 762-1934 x455'),(307,723,'1-670-349-0164'),(308,976,'983.730.0851 x19012'),(309,979,'858.485.9035 x499'),(310,192,'(783) 228-9192 x00466'),(311,114,'1-981-981-8285 x04079'),(312,826,'601.593.5575 x986'),(313,499,'1-251-532-1463 x10589'),(314,419,'(236) 814-8260 x0609'),(315,678,'(375) 985-3669 x40713'),(316,647,'1-955-747-5665 x5969'),(317,637,'632.828.5639 x63640'),(318,463,'836.766.8598 x5160'),(319,147,'1-382-387-0828'),(320,599,'542.403.6125 x709'),(321,410,'365-305-2749 x330'),(322,228,'1-962-687-9684 x13742'),(323,621,'(910) 739-5290 x9038'),(324,895,'(295) 738-1755 x40774'),(325,179,'532-602-6630'),(326,510,'466-236-1320'),(327,12,'1-362-299-2234'),(328,260,'1-669-618-0686 x7772'),(329,812,'1-390-551-1363 x7290'),(330,306,'562-855-0558 x9988'),(331,62,'1-962-898-9687'),(332,276,'1-310-655-1033 x763'),(333,86,'492-467-0954 x642'),(334,37,'1-507-943-4256'),(335,134,'957.981.8406 x2905'),(336,365,'1-914-477-7522'),(337,447,'389.533.3871 x49543'),(338,957,'534-336-7966'),(339,698,'1-545-774-3974 x3440'),(340,879,'1-345-497-3549'),(341,491,'1-781-699-9152 x36709'),(342,958,'962-844-6473 x16210'),(343,942,'992.261.3588 x4425'),(344,13,'546.686.7637'),(345,897,'205-849-2676 x726'),(346,347,'640-802-4562 x832'),(347,804,'1-477-312-6134'),(348,805,'(315) 375-4445'),(349,481,'1-467-450-4221'),(350,177,'318-407-1328'),(351,842,'1-390-711-0464'),(352,719,'1-689-650-8052'),(353,714,'1-434-987-0636 x716'),(354,674,'375.592.8033 x972'),(355,330,'1-572-229-7317'),(356,43,'768.262.2501 x7720'),(357,50,'781.293.7301 x024'),(358,174,'725-662-4914 x518'),(359,125,'(446) 661-7935 x5298'),(360,526,'998.681.5186'),(361,176,'1-687-934-0458 x3155'),(362,161,'568-387-5448'),(363,129,'528-671-8952'),(364,59,'576-312-6590'),(365,784,'(628) 383-8523'),(366,370,'(392) 574-1219 x9619'),(367,514,'740.619.7125 x13169'),(368,710,'1-540-553-8604 x1616'),(369,566,'365.334.3060 x419'),(370,435,'(558) 829-5245'),(371,216,'315-677-9583 x7793'),(372,287,'930.493.2602'),(373,887,'1-289-279-7744 x465'),(374,522,'639.337.7874 x395'),(375,817,'307.895.5321 x191'),(376,947,'(711) 600-3811 x73298'),(377,546,'(513) 758-6049 x2466'),(378,441,'747-741-1499 x554'),(379,103,'489-581-8782 x8241'),(380,501,'344.830.7378'),(381,705,'(498) 398-1670 x6617'),(382,402,'1-806-868-7891 x071'),(383,54,'429-928-3104 x2129'),(384,960,'(948) 212-2504'),(385,990,'1-444-710-8604 x1651'),(386,746,'993.596.5814 x95238'),(387,886,'1-306-851-9358'),(388,655,'(903) 372-0565'),(389,920,'440.662.0492'),(390,442,'1-646-867-4031'),(391,822,'603.792.1158 x4355'),(392,295,'443.229.0133'),(393,752,'791-678-1195'),(394,855,'877-522-6480 x0011'),(395,706,'655.878.9491'),(396,157,'800.290.0011 x28049'),(397,198,'552.552.3157'),(398,828,'1-531-814-3917 x60508'),(399,673,'(849) 797-7587 x51573'),(400,349,'526.440.2122'),(401,346,'(663) 524-8240 x3155'),(402,42,'878-730-6704'),(403,743,'(872) 838-8170'),(404,11,'938.734.6525'),(405,494,'222-675-4728 x12416'),(406,236,'(990) 668-7409'),(407,416,'(999) 243-5410'),(408,58,'825.621.5049 x1610'),(409,926,'1-252-690-0230'),(410,772,'1-868-737-1905'),(411,218,'549-810-7515 x31981'),(412,927,'(344) 513-7450 x2065'),(413,789,'1-467-320-6681'),(414,756,'1-720-544-4532 x6381'),(415,512,'263-523-6311 x9823'),(416,883,'(427) 763-4861 x63227'),(417,261,'668-538-2578'),(418,858,'581-558-8016'),(419,235,'703-663-4659'),(420,267,'(569) 247-3208'),(421,258,'1-977-904-5655'),(422,113,'1-220-522-1157 x85559'),(423,482,'(494) 357-7206'),(424,462,'690-981-3880 x2617'),(425,239,'717-210-6201'),(426,246,'654-595-2407'),(427,243,'1-601-373-9806 x219'),(428,951,'(947) 751-6930 x6951'),(429,4,'655.256.4618 x9387'),(430,533,'1-754-328-0761 x74739'),(431,894,'389.685.9689 x1057'),(432,615,'699-544-3039 x8480'),(433,956,'(676) 712-0842'),(434,16,'1-227-372-6482 x8168'),(435,356,'1-582-990-1142'),(436,71,'1-729-353-0809 x735'),(437,20,'(861) 413-4010 x293'),(438,456,'(803) 809-0354 x065'),(439,186,'(375) 536-8829 x1141'),(440,587,'320.275.4943'),(441,623,'(300) 404-3163'),(442,268,'391.991.9796 x0505'),(443,554,'(781) 411-8400'),(444,319,'367.532.6446 x792'),(445,294,'968-379-1285'),(446,500,'257-424-0482'),(447,292,'(892) 886-8598'),(448,111,'1-467-240-3829'),(449,361,'1-546-869-8143 x7842'),(450,807,'336-988-7379 x37011'),(451,656,'1-913-398-1987 x834'),(452,571,'520-295-4910'),(453,581,'757.379.6712 x330'),(454,882,'948-258-4226 x46599'),(455,528,'(272) 855-7760'),(456,835,'495.988.1975 x76870'),(457,814,'(583) 243-3119'),(458,77,'552-394-2852'),(459,378,'1-315-816-2668'),(460,171,'635-606-3557'),(461,51,'(732) 971-8294 x5313'),(462,610,'(408) 274-6110 x788'),(463,754,'355-256-5667 x8557'),(464,250,'222.842.5077 x765'),(465,559,'1-887-876-2647 x8248'),(466,397,'1-361-641-1045 x2743'),(467,994,'(278) 636-6723 x004'),(468,860,'405.602.5227'),(469,971,'1-372-420-5268 x2026'),(470,570,'1-273-345-7962 x3682'),(471,133,'1-844-364-1534 x9844'),(472,104,'900-969-0625 x1300'),(473,631,'1-843-442-1589'),(474,257,'(800) 315-5973 x2055'),(475,981,'898.844.6851'),(476,78,'1-561-525-2961'),(477,109,'1-841-441-4055 x3850'),(478,149,'(400) 383-8751 x381'),(479,184,'(907) 670-9854 x294'),(480,175,'(801) 518-1409'),(481,348,'753.253.4066'),(482,151,'295-221-8140 x6685'),(483,200,'(439) 228-0940'),(484,451,'1-588-372-4917'),(485,339,'(323) 948-9751 x2451'),(486,84,'1-896-833-8574'),(487,357,'746-784-4381 x429'),(488,315,'(410) 246-6037 x775'),(489,363,'(735) 935-7440'),(490,382,'(864) 998-0408'),(491,341,'(537) 493-5518 x27787'),(492,48,'979.432.1795 x903'),(493,653,'(789) 762-7013 x80152'),(494,424,'834.552.7463 x1043'),(495,988,'964-442-5077 x739'),(496,585,'(966) 376-4323'),(497,197,'359-414-2805 x42785'),(498,509,'1-266-364-0533 x73983'),(499,916,'(635) 228-1104'),(500,532,'(559) 547-8775 x4214');
/*!40000 ALTER TABLE `Phones` ENABLE KEYS */;
UNLOCK TABLES;

--
-- Table structure for table `PollingStations`
--

DROP TABLE IF EXISTS `PollingStations`;
/*!40101 SET @saved_cs_client     = @@character_set_client */;
/*!50503 SET character_set_client = utf8mb4 */;
CREATE TABLE `PollingStations` (
  `id` int NOT NULL AUTO_INCREMENT,
  `addressId` int DEFAULT NULL,
  PRIMARY KEY (`id`),
  KEY `addressId` (`addressId`),
  CONSTRAINT `PollingStations_ibfk_1` FOREIGN KEY (`addressId`) REFERENCES `Addresses` (`id`)
) ENGINE=InnoDB AUTO_INCREMENT=10 DEFAULT CHARSET=utf8mb4 COLLATE=utf8mb4_0900_ai_ci;
/*!40101 SET character_set_client = @saved_cs_client */;

--
-- Dumping data for table `PollingStations`
--

LOCK TABLES `PollingStations` WRITE;
/*!40000 ALTER TABLE `PollingStations` DISABLE KEYS */;
INSERT INTO `PollingStations` VALUES (1,4),(5,5),(4,6),(2,7),(3,8),(6,9),(9,10),(7,11),(8,12);
/*!40000 ALTER TABLE `PollingStations` ENABLE KEYS */;
UNLOCK TABLES;

--
-- Table structure for table `SequelizeMeta`
--

DROP TABLE IF EXISTS `SequelizeMeta`;
/*!40101 SET @saved_cs_client     = @@character_set_client */;
/*!50503 SET character_set_client = utf8mb4 */;
CREATE TABLE `SequelizeMeta` (
  `name` varchar(255) COLLATE utf8_unicode_ci NOT NULL,
  PRIMARY KEY (`name`),
  UNIQUE KEY `name` (`name`)
) ENGINE=InnoDB DEFAULT CHARSET=utf8mb3 COLLATE=utf8_unicode_ci;
/*!40101 SET character_set_client = @saved_cs_client */;

--
-- Dumping data for table `SequelizeMeta`
--

LOCK TABLES `SequelizeMeta` WRITE;
/*!40000 ALTER TABLE `SequelizeMeta` DISABLE KEYS */;
INSERT INTO `SequelizeMeta` VALUES ('20211210085246-create-citizen.js'),('20211210085504-create-party.js'),('20211210085610-create-district.js'),('20211210085623-create-city.js'),('20211210085818-create-street.js'),('20211210090117-create-address.js'),('20211210090418-create-polling-station.js'),('20211210090452-create-election.js'),('20211210090953-create-vote.js'),('20211210091038-create-party-address.js'),('20211210091208-create-citizen-address.js'),('20211210091407-create-observer.js'),('20211210091554-create-candidate.js'),('20211210091858-create-phone.js');
/*!40000 ALTER TABLE `SequelizeMeta` ENABLE KEYS */;
UNLOCK TABLES;

--
-- Table structure for table `Streets`
--

DROP TABLE IF EXISTS `Streets`;
/*!40101 SET @saved_cs_client     = @@character_set_client */;
/*!50503 SET character_set_client = utf8mb4 */;
CREATE TABLE `Streets` (
  `id` int NOT NULL AUTO_INCREMENT,
  `name` varchar(255) NOT NULL,
  `cityId` int DEFAULT NULL,
  PRIMARY KEY (`id`),
  KEY `cityId` (`cityId`),
  CONSTRAINT `Streets_ibfk_1` FOREIGN KEY (`cityId`) REFERENCES `Cities` (`id`)
) ENGINE=InnoDB AUTO_INCREMENT=19 DEFAULT CHARSET=utf8mb4 COLLATE=utf8mb4_0900_ai_ci;
/*!40101 SET character_set_client = @saved_cs_client */;

--
-- Dumping data for table `Streets`
--

LOCK TABLES `Streets` WRITE;
/*!40000 ALTER TABLE `Streets` DISABLE KEYS */;
INSERT INTO `Streets` VALUES (1,'Kerluke Mill',1),(2,'Alycia Junctions',5),(3,'Kerluke Ridge',8),(4,'Buckridge Manors',4),(5,'Zemlak Rapid',9),(6,'Welch Club',2),(7,'Nikko Ports',6),(8,'Hector Station',7),(9,'Vivienne Corners',3),(10,'Kassulke Estate',1),(11,'Katheryn Locks',5),(12,'Herman Prairie',8),(13,'Dandre Pines',9),(14,'Blick Mills',2),(15,'Brooks Street',4),(16,'Harrison Landing',6),(17,'Bauch Fields',7),(18,'Emanuel View',3);
/*!40000 ALTER TABLE `Streets` ENABLE KEYS */;
UNLOCK TABLES;

--
-- Table structure for table `Votes`
--

DROP TABLE IF EXISTS `Votes`;
/*!40101 SET @saved_cs_client     = @@character_set_client */;
/*!50503 SET character_set_client = utf8mb4 */;
CREATE TABLE `Votes` (
  `id` int NOT NULL AUTO_INCREMENT,
  `citizenId` int DEFAULT NULL,
  `partyId` int DEFAULT NULL,
  `pollingStationId` int DEFAULT NULL,
  `electionId` int DEFAULT NULL,
  PRIMARY KEY (`id`),
  UNIQUE KEY `Vote_unique` (`citizenId`,`electionId`),
  KEY `partyId` (`partyId`),
  KEY `pollingStationId` (`pollingStationId`),
  KEY `electionId` (`electionId`),
  CONSTRAINT `Votes_ibfk_1` FOREIGN KEY (`citizenId`) REFERENCES `Citizens` (`id`),
  CONSTRAINT `Votes_ibfk_2` FOREIGN KEY (`partyId`) REFERENCES `Parties` (`id`),
  CONSTRAINT `Votes_ibfk_3` FOREIGN KEY (`pollingStationId`) REFERENCES `PollingStations` (`id`),
  CONSTRAINT `Votes_ibfk_4` FOREIGN KEY (`electionId`) REFERENCES `Elections` (`id`)
) ENGINE=InnoDB AUTO_INCREMENT=601 DEFAULT CHARSET=utf8mb4 COLLATE=utf8mb4_0900_ai_ci;
/*!40101 SET character_set_client = @saved_cs_client */;

--
-- Dumping data for table `Votes`
--

LOCK TABLES `Votes` WRITE;
/*!40000 ALTER TABLE `Votes` DISABLE KEYS */;
INSERT INTO `Votes` VALUES (1,966,1,2,1),(2,235,2,7,1),(3,202,2,9,1),(4,658,2,6,1),(5,641,2,3,1),(6,271,2,6,1),(7,980,3,1,1),(8,872,2,7,1),(9,111,3,9,1),(10,28,2,4,1),(11,570,1,3,1),(12,836,3,8,1),(13,401,3,2,1),(14,296,2,4,1),(15,828,1,7,1),(16,597,2,7,1),(17,299,2,6,1),(18,249,2,4,1),(19,779,1,4,1),(20,607,3,5,1),(21,13,2,8,1),(22,948,1,4,1),(23,311,2,7,1),(24,551,1,5,1),(25,589,3,5,1),(26,280,2,1,1),(27,840,1,2,1),(28,646,1,7,1),(29,791,3,4,1),(30,146,1,3,1),(31,927,2,3,1),(32,926,1,6,1),(33,655,1,4,1),(34,122,3,5,1),(35,717,1,3,1),(36,362,3,9,1),(37,41,2,8,1),(38,959,2,6,1),(39,170,1,6,1),(40,169,2,7,1),(41,161,2,7,1),(42,667,1,4,1),(43,139,2,6,1),(44,851,2,9,1),(45,852,3,5,1),(46,521,3,7,1),(47,762,2,1,1),(48,907,3,5,1),(49,64,2,1,1),(50,472,2,7,1),(51,110,2,6,1),(52,259,1,1,1),(53,140,2,4,1),(54,491,3,8,1),(55,547,1,7,1),(56,879,1,1,1),(57,105,2,7,1),(58,74,1,9,1),(59,397,1,8,1),(60,783,1,8,1),(61,815,2,9,1),(62,341,3,1,1),(63,850,2,1,1),(64,197,3,1,1),(65,538,2,3,1),(66,252,1,3,1),(67,400,1,7,1),(68,266,2,4,1),(69,928,2,7,1),(70,611,2,9,1),(71,647,2,2,1),(72,247,2,9,1),(73,602,1,7,1),(74,880,3,2,1),(75,670,2,9,1),(76,740,2,4,1),(77,652,2,2,1),(78,958,2,6,1),(79,314,1,5,1),(80,171,2,6,1),(81,107,1,5,1),(82,477,2,4,1),(83,381,2,7,1),(84,109,2,7,1),(85,242,1,4,1),(86,486,2,3,1),(87,223,1,3,1),(88,625,3,2,1),(89,332,1,9,1),(90,849,1,3,1),(91,59,1,6,1),(92,869,3,1,1),(93,867,2,9,1),(94,759,3,7,1),(95,853,1,9,1),(96,343,2,5,1),(97,501,1,5,1),(98,365,1,6,1),(99,520,3,7,1),(100,809,1,7,1),(101,930,2,9,1),(102,595,2,4,1),(103,100,1,1,1),(104,375,2,1,1),(105,184,2,6,1),(106,933,2,1,1),(107,448,2,9,1),(108,790,3,5,1),(109,956,2,6,1),(110,568,2,9,1),(111,318,2,1,1),(112,403,1,9,1),(113,735,1,9,1),(114,12,2,6,1),(115,36,2,6,1),(116,338,1,2,1),(117,913,2,4,1),(118,918,1,1,1),(119,438,2,6,1),(120,404,3,9,1),(121,72,3,2,1),(122,141,3,2,1),(123,848,3,8,1),(124,600,2,9,1),(125,270,3,3,1),(126,149,3,6,1),(127,183,2,5,1),(128,785,2,7,1),(129,954,2,6,1),(130,581,2,1,1),(131,40,3,9,1),(132,659,2,1,1),(133,464,2,3,1),(134,220,3,3,1),(135,838,1,1,1),(136,979,3,3,1),(137,902,3,8,1),(138,185,2,4,1),(139,817,3,8,1),(140,147,1,5,1),(141,936,2,2,1),(142,606,2,8,1),(143,234,3,6,1),(144,824,2,8,1),(145,476,2,4,1),(146,846,2,5,1),(147,833,2,5,1),(148,209,2,3,1),(149,771,1,2,1),(150,712,2,7,1),(151,462,2,3,1),(152,418,2,1,1),(153,651,3,7,1),(154,360,2,4,1),(155,181,1,8,1),(156,618,2,6,1),(157,949,1,9,1),(158,752,2,7,1),(159,810,2,7,1),(160,552,2,4,1),(161,716,2,9,1),(162,788,2,3,1),(163,444,2,5,1),(164,699,2,2,1),(165,671,2,3,1),(166,490,1,5,1),(167,359,1,7,1),(168,195,3,8,1),(169,803,2,4,1),(170,449,2,1,1),(171,87,2,5,1),(172,297,2,1,1),(173,881,3,8,1),(174,866,3,8,1),(175,208,2,4,1),(176,877,1,5,1),(177,542,2,8,1),(178,262,1,5,1),(179,859,2,8,1),(180,940,2,7,1),(181,193,1,2,1),(182,640,2,3,1),(183,688,1,3,1),(184,673,3,7,1),(185,305,3,1,1),(186,689,1,5,1),(187,543,2,6,1),(188,630,2,9,1),(189,910,2,4,1),(190,288,2,8,1),(191,264,2,4,1),(192,268,3,6,1),(193,990,2,3,1),(194,364,2,8,1),(195,700,3,2,1),(196,494,2,2,1),(197,826,1,8,1),(198,634,1,5,1),(199,684,1,9,1),(200,493,2,9,1),(201,328,1,5,1),(202,479,1,8,1),(203,644,2,9,1),(204,275,2,1,1),(205,929,1,2,1),(206,329,2,2,1),(207,734,2,9,1),(208,474,2,8,1),(209,179,1,2,1),(210,665,3,2,1),(211,424,2,2,1),(212,245,3,4,1),(213,336,2,3,1),(214,893,2,4,1),(215,211,2,8,1),(216,406,2,6,1),(217,358,2,8,1),(218,481,1,8,1),(219,541,2,9,1),(220,604,3,4,1),(221,80,2,9,1),(222,648,3,8,1),(223,293,1,4,1),(224,787,1,1,1),(225,174,2,2,1),(226,395,2,4,1),(227,504,3,7,1),(228,66,2,2,1),(229,225,2,5,1),(230,916,2,1,1),(231,629,3,6,1),(232,458,1,8,1),(233,558,1,3,1),(234,67,2,5,1),(235,160,2,7,1),(236,796,2,1,1),(237,97,2,5,1),(238,997,1,3,1),(239,114,1,2,1),(240,668,1,1,1),(241,725,2,9,1),(242,942,2,2,1),(243,173,1,8,1),(244,466,2,4,1),(245,572,2,9,1),(246,287,2,1,1),(247,947,2,7,1),(248,863,2,1,1),(249,361,2,9,1),(250,151,2,1,1),(251,805,2,9,1),(252,750,1,3,1),(253,724,3,4,1),(254,163,1,4,1),(255,561,2,8,1),(256,58,3,7,1),(257,62,2,7,1),(258,631,2,9,1),(259,861,1,5,1),(260,420,2,9,1),(261,214,2,1,1),(262,642,2,3,1),(263,386,2,8,1),(264,974,2,6,1),(265,315,1,9,1),(266,196,2,1,1),(267,679,2,7,1),(268,145,2,9,1),(269,405,1,9,1),(270,198,2,2,1),(271,741,2,3,1),(272,898,1,3,1),(273,999,2,7,1),(274,243,2,8,1),(275,661,2,2,1),(276,739,2,9,1),(277,310,2,2,1),(278,320,1,3,1),(279,517,3,6,1),(280,370,1,3,1),(281,645,3,6,1),(282,204,2,5,1),(283,407,2,5,1),(284,282,2,3,1),(285,889,1,2,1),(286,213,2,2,1),(287,307,1,4,1),(288,419,2,4,1),(289,901,2,5,1),(290,756,2,5,1),(291,411,3,5,1),(292,854,2,9,1),(293,255,2,8,1),(294,90,2,1,1),(295,534,3,9,1),(296,168,2,2,1),(297,899,2,5,1),(298,798,2,2,1),(299,975,1,2,1),(300,705,1,6,1),(301,428,2,8,1),(302,669,2,6,1),(303,860,2,3,1),(304,23,1,3,1),(305,321,2,1,1),(306,308,1,9,1),(307,612,3,8,1),(308,565,2,8,1),(309,410,2,6,1),(310,536,3,6,1),(311,987,3,5,1),(312,445,2,9,1),(313,426,1,3,1),(314,832,2,2,1),(315,566,1,6,1),(316,414,1,3,1),(317,133,1,5,1),(318,818,2,3,1),(319,945,2,2,1),(320,619,1,6,1),(321,316,2,1,1),(322,692,3,5,1),(323,555,2,7,1),(324,470,1,5,1),(325,731,3,1,1),(326,776,2,2,1),(327,915,3,2,1),(328,286,2,2,1),(329,723,3,6,1),(330,747,1,5,1),(331,875,3,4,1),(332,425,2,5,1),(333,92,2,4,1),(334,257,2,4,1),(335,248,1,5,1),(336,47,2,9,1),(337,743,2,5,1),(338,95,2,1,1),(339,131,2,6,1),(340,398,2,1,1),(341,730,2,1,1),(342,841,2,8,1),(343,20,2,7,1),(344,304,2,7,1),(345,238,2,8,1),(346,970,2,7,1),(347,862,2,5,1),(348,22,3,4,1),(349,86,2,5,1),(350,702,2,5,1),(351,244,3,1,1),(352,664,1,7,1),(353,586,2,3,1),(354,754,2,7,1),(355,346,2,7,1),(356,416,3,6,1),(357,187,3,3,1),(358,108,3,9,1),(359,991,3,7,1),(360,18,2,2,1),(361,447,2,9,1),(362,816,3,3,1),(363,200,3,1,1),(364,495,1,2,1),(365,635,1,8,1),(366,767,2,9,1),(367,523,1,3,1),(368,932,3,4,1),(369,884,2,3,1),(370,166,2,5,1),(371,995,3,6,1),(372,323,1,2,1),(373,938,2,6,1),(374,165,1,5,1),(375,968,3,7,1),(376,236,3,5,1),(377,742,2,5,1),(378,994,1,2,1),(379,468,2,8,1),(380,984,2,4,1),(381,690,3,5,1),(382,199,2,9,1),(383,509,2,9,1),(384,350,1,8,1),(385,965,2,6,1),(386,963,1,6,1),(387,922,2,2,1),(388,616,2,2,1),(389,440,1,9,1),(390,221,1,2,1),(391,175,2,7,1),(392,946,2,2,1),(393,955,1,8,1),(394,417,3,5,1),(395,594,2,7,1),(396,896,2,4,1),(397,61,3,1,1),(398,442,2,6,1),(399,372,2,2,1),(400,421,3,1,1),(401,506,2,9,1),(402,564,3,9,1),(403,120,3,8,1),(404,981,2,5,1),(405,847,3,5,1),(406,374,2,1,1),(407,682,3,9,1),(408,182,3,7,1),(409,119,2,2,1),(410,685,1,6,1),(411,709,1,8,1),(412,330,3,3,1),(413,215,1,6,1),(414,150,3,7,1),(415,104,2,8,1),(416,761,1,6,1),(417,143,2,1,1),(418,345,1,5,1),(419,544,1,8,1),(420,482,1,9,1),(421,738,2,6,1),(422,621,2,1,1),(423,265,2,3,1),(424,191,1,1,1),(425,284,3,4,1),(426,390,1,6,1),(427,988,2,3,1),(428,155,1,4,1),(429,620,1,7,1),(430,726,2,3,1),(431,812,3,7,1),(432,127,2,7,1),(433,714,3,1,1),(434,857,2,5,1),(435,912,1,9,1),(436,573,3,9,1),(437,760,2,3,1),(438,683,2,3,1),(439,578,2,9,1),(440,706,2,9,1),(441,35,3,8,1),(442,439,1,5,1),(443,272,2,2,1),(444,698,3,1,1),(445,989,3,8,1),(446,457,3,9,1),(447,487,2,3,1),(448,337,2,9,1),(449,335,3,9,1),(450,819,3,2,1),(451,279,3,8,1),(452,633,2,3,1),(453,123,2,9,1),(454,382,1,9,1),(455,765,2,7,1),(456,69,1,7,1),(457,228,1,5,1),(458,855,2,6,1),(459,978,2,3,1),(460,608,2,4,1),(461,190,1,8,1),(462,454,2,1,1),(463,526,2,3,1),(464,729,1,7,1),(465,718,2,6,1),(466,15,1,3,1),(467,377,2,7,1),(468,480,2,8,1),(469,992,2,5,1),(470,261,1,8,1),(471,295,1,5,1),(472,508,3,6,1),(473,44,3,8,1),(474,232,2,3,1),(475,722,2,4,1),(476,892,1,5,1),(477,657,1,8,1),(478,713,2,1,1),(479,25,3,8,1),(480,75,1,3,1),(481,524,1,4,1),(482,811,2,9,1),(483,285,2,5,1),(484,548,1,7,1),(485,636,2,1,1),(486,587,2,7,1),(487,324,3,7,1),(488,837,3,8,1),(489,333,2,1,1),(490,496,1,3,1),(491,423,2,8,1),(492,701,2,8,1),(493,577,2,3,1),(494,422,2,2,1),(495,126,2,7,1),(496,353,2,4,1),(497,99,2,9,1),(498,489,3,9,1),(499,758,1,1,1),(500,101,3,8,1),(501,998,2,8,1),(502,643,2,5,1),(503,511,1,7,1),(504,696,1,2,1),(505,676,2,6,1),(506,106,2,2,1),(507,433,2,6,1),(508,278,2,3,1),(509,797,3,9,1),(510,678,3,8,1),(511,251,2,2,1),(512,348,1,4,1),(513,982,3,8,1),(514,88,1,8,1),(515,461,1,1,1),(516,52,1,6,1),(517,342,2,7,1),(518,571,2,8,1),(519,784,2,3,1),(520,993,3,9,1),(521,834,2,2,1),(522,450,2,3,1),(523,471,2,5,1),(524,920,2,8,1),(525,388,3,8,1),(526,89,3,3,1),(527,584,1,5,1),(528,599,2,9,1),(529,962,2,3,1),(530,505,2,5,1),(531,488,2,2,1),(532,84,2,5,1),(533,7,3,9,1),(534,327,2,5,1),(535,467,3,7,1),(536,33,2,4,1),(537,1,2,8,1),(538,267,1,2,1),(539,492,3,1,1),(540,294,2,7,1),(541,117,2,2,1),(542,525,1,6,1),(543,983,1,5,1),(544,903,2,2,1),(545,437,1,3,1),(546,601,3,5,1),(547,772,3,3,1),(548,176,2,5,1),(549,85,1,3,1),(550,241,3,4,1),(551,459,1,3,1),(552,98,2,9,1),(553,681,1,7,1),(554,413,2,5,1),(555,556,1,3,1),(556,925,1,5,1),(557,326,2,1,1),(558,775,2,7,1),(559,639,2,2,1),(560,256,3,8,1),(561,774,1,2,1),(562,451,2,7,1),(563,226,2,6,1),(564,118,2,4,1),(565,427,1,3,1),(566,138,2,4,1),(567,540,1,4,1),(568,148,1,9,1),(569,283,2,5,1),(570,356,2,6,1),(571,821,2,3,1),(572,733,3,1,1),(573,14,2,5,1),(574,637,2,6,1),(575,769,3,8,1),(576,4,3,1,1),(577,878,3,8,1),(578,707,2,3,1),(579,628,3,4,1),(580,250,1,7,1),(581,383,2,4,1),(582,598,1,3,1),(583,562,1,4,1),(584,952,2,4,1),(585,354,2,7,1),(586,786,1,6,1),(587,43,2,3,1),(588,434,2,4,1),(589,10,2,2,1),(590,563,1,4,1),(591,132,1,5,1),(592,755,3,1,1),(593,827,2,9,1),(594,227,2,8,1),(595,27,3,4,1),(596,745,1,9,1),(597,499,1,3,1),(598,229,2,3,1),(599,153,2,9,1),(600,512,1,9,1);
/*!40000 ALTER TABLE `Votes` ENABLE KEYS */;
UNLOCK TABLES;

--
-- Dumping events for database 'elections'
--
/*!40103 SET TIME_ZONE=@OLD_TIME_ZONE */;

/*!40101 SET SQL_MODE=@OLD_SQL_MODE */;
/*!40014 SET FOREIGN_KEY_CHECKS=@OLD_FOREIGN_KEY_CHECKS */;
/*!40014 SET UNIQUE_CHECKS=@OLD_UNIQUE_CHECKS */;
/*!40101 SET CHARACTER_SET_CLIENT=@OLD_CHARACTER_SET_CLIENT */;
/*!40101 SET CHARACTER_SET_RESULTS=@OLD_CHARACTER_SET_RESULTS */;
/*!40101 SET COLLATION_CONNECTION=@OLD_COLLATION_CONNECTION */;
/*!40111 SET SQL_NOTES=@OLD_SQL_NOTES */;

-- Dump completed on 2021-12-11 21:34:26
